-- --------------------------------------------------------
-- Host:                         127.0.0.1
-- Versión del servidor:         10.4.22-MariaDB - mariadb.org binary distribution
-- SO del servidor:              Win64
-- HeidiSQL Versión:             12.4.0.6659
-- --------------------------------------------------------

/*!40101 SET @OLD_CHARACTER_SET_CLIENT=@@CHARACTER_SET_CLIENT */;
/*!40101 SET NAMES utf8 */;
/*!50503 SET NAMES utf8mb4 */;
/*!40103 SET @OLD_TIME_ZONE=@@TIME_ZONE */;
/*!40103 SET TIME_ZONE='+00:00' */;
/*!40014 SET @OLD_FOREIGN_KEY_CHECKS=@@FOREIGN_KEY_CHECKS, FOREIGN_KEY_CHECKS=0 */;
/*!40101 SET @OLD_SQL_MODE=@@SQL_MODE, SQL_MODE='NO_AUTO_VALUE_ON_ZERO' */;
/*!40111 SET @OLD_SQL_NOTES=@@SQL_NOTES, SQL_NOTES=0 */;


-- Volcando estructura de base de datos para db_test_oxford
CREATE DATABASE IF NOT EXISTS `db_test_oxford` /*!40100 DEFAULT CHARACTER SET utf8mb4 */;
USE `db_test_oxford`;

-- Volcando estructura para tabla db_test_oxford.categories
CREATE TABLE IF NOT EXISTS `categories` (
  `id` bigint(20) unsigned NOT NULL AUTO_INCREMENT,
  `name` varchar(255) COLLATE utf8mb4_unicode_ci NOT NULL,
  `description` text COLLATE utf8mb4_unicode_ci DEFAULT NULL,
  `created_at` timestamp NULL DEFAULT NULL,
  `updated_at` timestamp NULL DEFAULT NULL,
  PRIMARY KEY (`id`)
) ENGINE=InnoDB AUTO_INCREMENT=21 DEFAULT CHARSET=utf8mb4 COLLATE=utf8mb4_unicode_ci;

-- Volcando datos para la tabla db_test_oxford.categories: ~20 rows (aproximadamente)
INSERT INTO `categories` (`id`, `name`, `description`, `created_at`, `updated_at`) VALUES
	(1, 'Ratione eius saepe veritatis ullam sunt.', NULL, '2023-06-26 12:33:15', '2023-06-26 12:33:15'),
	(2, 'Doloribus expedita eius tempora cupiditate consequuntur.', NULL, '2023-06-26 12:33:15', '2023-06-26 12:33:15'),
	(3, 'Error laborum eum aut tempore consequatur.', NULL, '2023-06-26 12:33:15', '2023-06-26 12:33:15'),
	(4, 'Veniam aliquid magni pariatur sequi doloribus.', NULL, '2023-06-26 12:33:15', '2023-06-26 12:33:15'),
	(5, 'Eos voluptatem vel hic nihil aliquid ab.', NULL, '2023-06-26 12:33:15', '2023-06-26 12:33:15'),
	(6, 'Libero dicta rerum tempora reprehenderit maxime.', NULL, '2023-06-26 12:33:15', '2023-06-26 12:33:15'),
	(7, 'Nesciunt maxime omnis iusto veniam non.', NULL, '2023-06-26 12:33:16', '2023-06-26 12:33:16'),
	(8, 'Quia qui et quisquam voluptates.', NULL, '2023-06-26 12:33:16', '2023-06-26 12:33:16'),
	(9, 'Qui omnis ut voluptate asperiores sed perferendis impedit.', NULL, '2023-06-26 12:33:16', '2023-06-26 12:33:16'),
	(10, 'Accusantium labore tenetur et iusto dolore consequatur quis.', NULL, '2023-06-26 12:33:16', '2023-06-26 12:33:16'),
	(11, 'Quia sapiente commodi sequi dolorum maxime id.', NULL, '2023-06-26 12:33:16', '2023-06-26 12:33:16'),
	(12, 'Inventore est itaque et aut perspiciatis nam.', NULL, '2023-06-26 12:33:16', '2023-06-26 12:33:16'),
	(13, 'Voluptatem deserunt deserunt ipsum molestias adipisci delectus sint.', NULL, '2023-06-26 12:33:16', '2023-06-26 12:33:16'),
	(14, 'Blanditiis voluptas sit reprehenderit ut nostrum quos.', NULL, '2023-06-26 12:33:16', '2023-06-26 12:33:16'),
	(15, 'Dolore inventore voluptates dolorem autem deleniti nesciunt quis.', NULL, '2023-06-26 12:33:16', '2023-06-26 12:33:16'),
	(16, 'Modi dolor architecto doloribus ipsum ut est et.', NULL, '2023-06-26 12:33:16', '2023-06-26 12:33:16'),
	(17, 'Suscipit quia labore sit et.', NULL, '2023-06-26 12:33:16', '2023-06-26 12:33:16'),
	(18, 'Veniam veritatis facere eos quis consectetur.', NULL, '2023-06-26 12:33:16', '2023-06-26 12:33:16'),
	(19, 'Quasi officia excepturi distinctio aliquam hic facilis.', NULL, '2023-06-26 12:33:16', '2023-06-26 12:33:16'),
	(20, 'Quo natus quam delectus libero et consequatur.', NULL, '2023-06-26 12:33:16', '2023-06-26 12:33:16');

-- Volcando estructura para tabla db_test_oxford.codes
CREATE TABLE IF NOT EXISTS `codes` (
  `id` bigint(20) unsigned NOT NULL AUTO_INCREMENT,
  `code` varchar(255) COLLATE utf8mb4_unicode_ci NOT NULL,
  `sold` tinyint(1) NOT NULL,
  `product_id` bigint(20) unsigned NOT NULL,
  `order_id` bigint(20) unsigned DEFAULT NULL,
  `created_at` timestamp NULL DEFAULT NULL,
  `updated_at` timestamp NULL DEFAULT NULL,
  PRIMARY KEY (`id`),
  KEY `codes_product_id_foreign` (`product_id`),
  KEY `codes_order_id_foreign` (`order_id`),
  CONSTRAINT `codes_order_id_foreign` FOREIGN KEY (`order_id`) REFERENCES `orders` (`id`) ON DELETE CASCADE,
  CONSTRAINT `codes_product_id_foreign` FOREIGN KEY (`product_id`) REFERENCES `products` (`id`) ON DELETE CASCADE
) ENGINE=InnoDB AUTO_INCREMENT=21 DEFAULT CHARSET=utf8mb4 COLLATE=utf8mb4_unicode_ci;

-- Volcando datos para la tabla db_test_oxford.codes: ~20 rows (aproximadamente)
INSERT INTO `codes` (`id`, `code`, `sold`, `product_id`, `order_id`, `created_at`, `updated_at`) VALUES
	(1, '943262297', 0, 10, NULL, '2023-06-26 12:46:04', '2023-06-26 12:46:04'),
	(2, '879097975', 0, 3, NULL, '2023-06-26 12:46:04', '2023-06-26 12:46:04'),
	(3, '534037226', 0, 8, NULL, '2023-06-26 12:46:05', '2023-06-26 12:46:05'),
	(4, '611805279', 0, 6, NULL, '2023-06-26 12:46:05', '2023-06-26 12:46:05'),
	(5, '412566208', 0, 8, NULL, '2023-06-26 12:46:05', '2023-06-26 12:46:05'),
	(6, '151228336', 0, 8, NULL, '2023-06-26 12:46:05', '2023-06-26 12:46:05'),
	(7, '933545142', 0, 3, NULL, '2023-06-26 12:46:05', '2023-06-26 12:46:05'),
	(8, '234994297', 0, 3, NULL, '2023-06-26 12:46:05', '2023-06-26 12:46:05'),
	(9, '796375537', 0, 9, NULL, '2023-06-26 12:46:05', '2023-06-26 12:46:05'),
	(10, '944320528', 0, 10, NULL, '2023-06-26 12:46:05', '2023-06-26 12:46:05'),
	(11, '843711006', 0, 8, NULL, '2023-06-26 12:46:05', '2023-06-26 12:46:05'),
	(12, '667778613', 0, 4, NULL, '2023-06-26 12:46:05', '2023-06-26 12:46:05'),
	(13, '203470481', 0, 9, NULL, '2023-06-26 12:46:05', '2023-06-26 12:46:05'),
	(14, '374179710', 0, 10, NULL, '2023-06-26 12:46:05', '2023-06-26 12:46:05'),
	(15, '674104402', 0, 9, NULL, '2023-06-26 12:46:05', '2023-06-26 12:46:05'),
	(16, '497361984', 0, 9, NULL, '2023-06-26 12:46:05', '2023-06-26 12:46:05'),
	(17, '139656275', 0, 7, NULL, '2023-06-26 12:46:05', '2023-06-26 12:46:05'),
	(18, '541751370', 0, 3, NULL, '2023-06-26 12:46:05', '2023-06-26 12:46:05'),
	(19, '318835894', 0, 4, NULL, '2023-06-26 12:46:05', '2023-06-26 12:46:05'),
	(20, '325454006', 0, 5, NULL, '2023-06-26 12:46:05', '2023-06-26 12:46:05');

-- Volcando estructura para tabla db_test_oxford.countries
CREATE TABLE IF NOT EXISTS `countries` (
  `id` bigint(20) unsigned NOT NULL AUTO_INCREMENT,
  `name` varchar(255) COLLATE utf8mb4_unicode_ci NOT NULL,
  `flag` varchar(255) COLLATE utf8mb4_unicode_ci NOT NULL,
  `created_at` timestamp NULL DEFAULT NULL,
  `updated_at` timestamp NULL DEFAULT NULL,
  PRIMARY KEY (`id`)
) ENGINE=InnoDB AUTO_INCREMENT=6 DEFAULT CHARSET=utf8mb4 COLLATE=utf8mb4_unicode_ci;

-- Volcando datos para la tabla db_test_oxford.countries: ~5 rows (aproximadamente)
INSERT INTO `countries` (`id`, `name`, `flag`, `created_at`, `updated_at`) VALUES
	(1, 'consequatur', 'peru.png', '2023-06-26 12:38:02', '2023-06-26 12:38:02'),
	(2, 'molestiae', 'peru.png', '2023-06-26 12:38:02', '2023-06-26 12:38:02'),
	(3, 'dolor', 'peru.png', '2023-06-26 12:38:02', '2023-06-26 12:38:02'),
	(4, 'non', 'peru.png', '2023-06-26 12:38:03', '2023-06-26 12:38:03'),
	(5, 'dolor', 'peru.png', '2023-06-26 12:38:03', '2023-06-26 12:38:03');

-- Volcando estructura para tabla db_test_oxford.levels
CREATE TABLE IF NOT EXISTS `levels` (
  `id` bigint(20) unsigned NOT NULL AUTO_INCREMENT,
  `name` varchar(255) COLLATE utf8mb4_unicode_ci NOT NULL,
  `description` text COLLATE utf8mb4_unicode_ci DEFAULT NULL,
  `serie_id` bigint(20) unsigned NOT NULL,
  `created_at` timestamp NULL DEFAULT NULL,
  `updated_at` timestamp NULL DEFAULT NULL,
  PRIMARY KEY (`id`),
  KEY `levels_serie_id_foreign` (`serie_id`),
  CONSTRAINT `levels_serie_id_foreign` FOREIGN KEY (`serie_id`) REFERENCES `series` (`id`) ON DELETE CASCADE
) ENGINE=InnoDB AUTO_INCREMENT=51 DEFAULT CHARSET=utf8mb4 COLLATE=utf8mb4_unicode_ci;

-- Volcando datos para la tabla db_test_oxford.levels: ~50 rows (aproximadamente)
INSERT INTO `levels` (`id`, `name`, `description`, `serie_id`, `created_at`, `updated_at`) VALUES
	(1, 'in explicabo', NULL, 16, '2023-06-26 12:34:38', '2023-06-26 12:34:38'),
	(2, 'odit architecto', NULL, 33, '2023-06-26 12:34:38', '2023-06-26 12:34:38'),
	(3, 'dolor veniam', NULL, 35, '2023-06-26 12:34:38', '2023-06-26 12:34:38'),
	(4, 'et voluptatibus', NULL, 8, '2023-06-26 12:34:38', '2023-06-26 12:34:38'),
	(5, 'consequatur porro', NULL, 34, '2023-06-26 12:34:39', '2023-06-26 12:34:39'),
	(6, 'eum id', NULL, 4, '2023-06-26 12:34:39', '2023-06-26 12:34:39'),
	(7, 'saepe beatae', NULL, 11, '2023-06-26 12:34:39', '2023-06-26 12:34:39'),
	(8, 'harum ut', NULL, 39, '2023-06-26 12:34:39', '2023-06-26 12:34:39'),
	(9, 'est rerum', NULL, 29, '2023-06-26 12:34:39', '2023-06-26 12:34:39'),
	(10, 'animi minus', NULL, 8, '2023-06-26 12:34:39', '2023-06-26 12:34:39'),
	(11, 'ex et', NULL, 8, '2023-06-26 12:34:39', '2023-06-26 12:34:39'),
	(12, 'quis cupiditate', NULL, 30, '2023-06-26 12:34:39', '2023-06-26 12:34:39'),
	(13, 'id eos', NULL, 13, '2023-06-26 12:34:39', '2023-06-26 12:34:39'),
	(14, 'sequi asperiores', NULL, 20, '2023-06-26 12:34:39', '2023-06-26 12:34:39'),
	(15, 'qui ab', NULL, 37, '2023-06-26 12:34:39', '2023-06-26 12:34:39'),
	(16, 'officia dolore', NULL, 17, '2023-06-26 12:34:39', '2023-06-26 12:34:39'),
	(17, 'enim esse', NULL, 26, '2023-06-26 12:34:39', '2023-06-26 12:34:39'),
	(18, 'aperiam dignissimos', NULL, 34, '2023-06-26 12:34:39', '2023-06-26 12:34:39'),
	(19, 'unde voluptate', NULL, 7, '2023-06-26 12:34:39', '2023-06-26 12:34:39'),
	(20, 'quaerat accusantium', NULL, 28, '2023-06-26 12:34:39', '2023-06-26 12:34:39'),
	(21, 'eos cumque', NULL, 34, '2023-06-26 12:34:39', '2023-06-26 12:34:39'),
	(22, 'dolorem nobis', NULL, 16, '2023-06-26 12:34:39', '2023-06-26 12:34:39'),
	(23, 'eligendi dolores', NULL, 8, '2023-06-26 12:34:39', '2023-06-26 12:34:39'),
	(24, 'dolor est', NULL, 12, '2023-06-26 12:34:39', '2023-06-26 12:34:39'),
	(25, 'asperiores vero', NULL, 26, '2023-06-26 12:34:39', '2023-06-26 12:34:39'),
	(26, 'dolores praesentium', NULL, 24, '2023-06-26 12:34:39', '2023-06-26 12:34:39'),
	(27, 'rerum iusto', NULL, 36, '2023-06-26 12:34:39', '2023-06-26 12:34:39'),
	(28, 'inventore provident', NULL, 17, '2023-06-26 12:34:39', '2023-06-26 12:34:39'),
	(29, 'reprehenderit deserunt', NULL, 35, '2023-06-26 12:34:40', '2023-06-26 12:34:40'),
	(30, 'inventore accusamus', NULL, 19, '2023-06-26 12:34:40', '2023-06-26 12:34:40'),
	(31, 'velit qui', NULL, 40, '2023-06-26 12:34:40', '2023-06-26 12:34:40'),
	(32, 'necessitatibus iure', NULL, 24, '2023-06-26 12:34:40', '2023-06-26 12:34:40'),
	(33, 'aut quasi', NULL, 22, '2023-06-26 12:34:40', '2023-06-26 12:34:40'),
	(34, 'quibusdam illo', NULL, 38, '2023-06-26 12:34:40', '2023-06-26 12:34:40'),
	(35, 'et quis', NULL, 39, '2023-06-26 12:34:40', '2023-06-26 12:34:40'),
	(36, 'non eaque', NULL, 9, '2023-06-26 12:34:40', '2023-06-26 12:34:40'),
	(37, 'vero est', NULL, 8, '2023-06-26 12:34:40', '2023-06-26 12:34:40'),
	(38, 'sit nesciunt', NULL, 40, '2023-06-26 12:34:40', '2023-06-26 12:34:40'),
	(39, 'distinctio ullam', NULL, 31, '2023-06-26 12:34:40', '2023-06-26 12:34:40'),
	(40, 'quia laboriosam', NULL, 8, '2023-06-26 12:34:40', '2023-06-26 12:34:40'),
	(41, 'cupiditate est', NULL, 35, '2023-06-26 12:34:40', '2023-06-26 12:34:40'),
	(42, 'dolor aspernatur', NULL, 17, '2023-06-26 12:34:40', '2023-06-26 12:34:40'),
	(43, 'libero dolores', NULL, 35, '2023-06-26 12:34:40', '2023-06-26 12:34:40'),
	(44, 'et odio', NULL, 9, '2023-06-26 12:34:40', '2023-06-26 12:34:40'),
	(45, 'et ex', NULL, 3, '2023-06-26 12:34:40', '2023-06-26 12:34:40'),
	(46, 'et consequuntur', NULL, 7, '2023-06-26 12:34:40', '2023-06-26 12:34:40'),
	(47, 'quis est', NULL, 14, '2023-06-26 12:34:40', '2023-06-26 12:34:40'),
	(48, 'aliquid pariatur', NULL, 27, '2023-06-26 12:34:40', '2023-06-26 12:34:40'),
	(49, 'aut hic', NULL, 5, '2023-06-26 12:34:40', '2023-06-26 12:34:40'),
	(50, 'consequuntur incidunt', NULL, 11, '2023-06-26 12:34:40', '2023-06-26 12:34:40');

-- Volcando estructura para tabla db_test_oxford.migrations
CREATE TABLE IF NOT EXISTS `migrations` (
  `id` int(10) unsigned NOT NULL AUTO_INCREMENT,
  `migration` varchar(255) COLLATE utf8mb4_unicode_ci NOT NULL,
  `batch` int(11) NOT NULL,
  PRIMARY KEY (`id`)
) ENGINE=InnoDB AUTO_INCREMENT=13 DEFAULT CHARSET=utf8mb4 COLLATE=utf8mb4_unicode_ci;

-- Volcando datos para la tabla db_test_oxford.migrations: ~12 rows (aproximadamente)
INSERT INTO `migrations` (`id`, `migration`, `batch`) VALUES
	(1, '2014_10_12_000000_create_users_table', 1),
	(2, '2019_12_14_000001_create_personal_access_tokens_table', 1),
	(3, '2023_04_08_235410_create_categories_table', 1),
	(4, '2023_04_08_235756_create_series_table', 1),
	(5, '2023_04_09_000206_create_levels_table', 1),
	(6, '2023_04_09_000426_create_products_table', 2),
	(7, '2023_04_09_235503_create_countries_table', 2),
	(8, '2023_04_09_235541_create_schools_table', 2),
	(9, '2023_04_10_000057_create_school_levels_table', 2),
	(10, '2023_04_10_000124_create_product_school_level_table', 2),
	(11, '2023_04_14_001252_create_orders_table', 2),
	(12, '2023_04_14_001303_create_codes_table', 2);

-- Volcando estructura para tabla db_test_oxford.orders
CREATE TABLE IF NOT EXISTS `orders` (
  `id` bigint(20) unsigned NOT NULL AUTO_INCREMENT,
  `quantity` varchar(255) COLLATE utf8mb4_unicode_ci NOT NULL,
  `unit_price` double(8,2) NOT NULL,
  `total_price` double(8,2) NOT NULL,
  `user_paid` double(8,2) NOT NULL,
  `payment_issue` tinyint(1) NOT NULL,
  `email_sent` tinyint(1) NOT NULL,
  `product_id` bigint(20) unsigned NOT NULL,
  `user_id` bigint(20) unsigned NOT NULL,
  `created_at` timestamp NULL DEFAULT NULL,
  `updated_at` timestamp NULL DEFAULT NULL,
  PRIMARY KEY (`id`),
  KEY `orders_product_id_foreign` (`product_id`),
  KEY `orders_user_id_foreign` (`user_id`),
  CONSTRAINT `orders_product_id_foreign` FOREIGN KEY (`product_id`) REFERENCES `products` (`id`) ON DELETE CASCADE,
  CONSTRAINT `orders_user_id_foreign` FOREIGN KEY (`user_id`) REFERENCES `users` (`id`) ON DELETE CASCADE
) ENGINE=InnoDB AUTO_INCREMENT=2 DEFAULT CHARSET=utf8mb4 COLLATE=utf8mb4_unicode_ci;

-- Volcando datos para la tabla db_test_oxford.orders: ~1 rows (aproximadamente)
INSERT INTO `orders` (`id`, `quantity`, `unit_price`, `total_price`, `user_paid`, `payment_issue`, `email_sent`, `product_id`, `user_id`, `created_at`, `updated_at`) VALUES
	(1, '4', 28.00, 112.00, 112.00, 0, 0, 150, 1, '2023-06-26 13:08:02', '2023-06-26 13:08:02');

-- Volcando estructura para tabla db_test_oxford.personal_access_tokens
CREATE TABLE IF NOT EXISTS `personal_access_tokens` (
  `id` bigint(20) unsigned NOT NULL AUTO_INCREMENT,
  `tokenable_type` varchar(255) COLLATE utf8mb4_unicode_ci NOT NULL,
  `tokenable_id` bigint(20) unsigned NOT NULL,
  `name` varchar(255) COLLATE utf8mb4_unicode_ci NOT NULL,
  `token` varchar(64) COLLATE utf8mb4_unicode_ci NOT NULL,
  `abilities` text COLLATE utf8mb4_unicode_ci DEFAULT NULL,
  `last_used_at` timestamp NULL DEFAULT NULL,
  `expires_at` timestamp NULL DEFAULT NULL,
  `created_at` timestamp NULL DEFAULT NULL,
  `updated_at` timestamp NULL DEFAULT NULL,
  PRIMARY KEY (`id`),
  UNIQUE KEY `personal_access_tokens_token_unique` (`token`),
  KEY `personal_access_tokens_tokenable_type_tokenable_id_index` (`tokenable_type`,`tokenable_id`)
) ENGINE=InnoDB DEFAULT CHARSET=utf8mb4 COLLATE=utf8mb4_unicode_ci;

-- Volcando datos para la tabla db_test_oxford.personal_access_tokens: ~0 rows (aproximadamente)

-- Volcando estructura para tabla db_test_oxford.products
CREATE TABLE IF NOT EXISTS `products` (
  `id` bigint(20) unsigned NOT NULL AUTO_INCREMENT,
  `name` varchar(255) COLLATE utf8mb4_unicode_ci NOT NULL,
  `description` text COLLATE utf8mb4_unicode_ci DEFAULT NULL,
  `product_component_list` text COLLATE utf8mb4_unicode_ci DEFAULT NULL,
  `image` varchar(255) COLLATE utf8mb4_unicode_ci NOT NULL,
  `isbn` varchar(255) COLLATE utf8mb4_unicode_ci NOT NULL,
  `isbn2` varchar(255) COLLATE utf8mb4_unicode_ci NOT NULL,
  `edition` varchar(255) COLLATE utf8mb4_unicode_ci NOT NULL,
  `format` varchar(255) COLLATE utf8mb4_unicode_ci NOT NULL,
  `licence_length` varchar(255) COLLATE utf8mb4_unicode_ci NOT NULL,
  `price_usd` double(8,2) NOT NULL,
  `level_id` bigint(20) unsigned NOT NULL,
  `created_at` timestamp NULL DEFAULT NULL,
  `updated_at` timestamp NULL DEFAULT NULL,
  PRIMARY KEY (`id`),
  KEY `products_level_id_foreign` (`level_id`),
  CONSTRAINT `products_level_id_foreign` FOREIGN KEY (`level_id`) REFERENCES `levels` (`id`) ON DELETE CASCADE
) ENGINE=InnoDB AUTO_INCREMENT=201 DEFAULT CHARSET=utf8mb4 COLLATE=utf8mb4_unicode_ci;

-- Volcando datos para la tabla db_test_oxford.products: ~200 rows (aproximadamente)
INSERT INTO `products` (`id`, `name`, `description`, `product_component_list`, `image`, `isbn`, `isbn2`, `edition`, `format`, `licence_length`, `price_usd`, `level_id`, `created_at`, `updated_at`) VALUES
	(1, 'Voluptate reprehenderit et voluptas beatae placeat ducimus enim.', NULL, NULL, 'https://picsum.photos/80/100', '314793570', '164318726', '5', 'et', '20 meses', 16.00, 13, '2023-06-26 12:35:36', '2023-06-26 12:35:36'),
	(2, 'Omnis tenetur exercitationem omnis nulla fugit quia labore itaque.', NULL, NULL, 'https://picsum.photos/80/100', '314145225', '859309623', '2', 'ut', '21 meses', 14.00, 28, '2023-06-26 12:35:36', '2023-06-26 12:35:36'),
	(3, 'Necessitatibus quia velit provident sint unde ipsam.', NULL, NULL, 'https://picsum.photos/80/100', '593261968', '336109009', '6', 'tempora', '20 meses', 24.00, 33, '2023-06-26 12:35:36', '2023-06-26 12:35:36'),
	(4, 'Provident dolor necessitatibus saepe sunt voluptatem enim ut.', NULL, NULL, 'https://picsum.photos/80/100', '897557822', '711981760', '9', 'quae', '20 meses', 27.00, 7, '2023-06-26 12:35:36', '2023-06-26 12:35:36'),
	(5, 'Nisi velit provident quod quia rerum et.', NULL, NULL, 'https://picsum.photos/80/100', '255999596', '639927778', '6', 'eius', '18 meses', 29.00, 13, '2023-06-26 12:35:36', '2023-06-26 12:35:36'),
	(6, 'Corporis nihil tempora consequatur.', NULL, NULL, 'https://picsum.photos/80/100', '796697822', '900004198', '6', 'deserunt', '21 meses', 16.00, 30, '2023-06-26 12:35:36', '2023-06-26 12:35:36'),
	(7, 'Hic molestiae modi et repellat quas odio quia.', NULL, NULL, 'https://picsum.photos/80/100', '122623491', '677142130', '6', 'labore', '18 meses', 22.00, 43, '2023-06-26 12:35:36', '2023-06-26 12:35:36'),
	(8, 'Expedita cupiditate voluptatibus rem quibusdam nostrum nam.', NULL, NULL, 'https://picsum.photos/80/100', '616537009', '679432531', '4', 'optio', '19 meses', 21.00, 22, '2023-06-26 12:35:36', '2023-06-26 12:35:36'),
	(9, 'Beatae rerum non deleniti numquam error aliquam consequuntur sunt.', NULL, NULL, 'https://picsum.photos/80/100', '337619163', '806440661', '7', 'libero', '18 meses', 20.00, 28, '2023-06-26 12:35:36', '2023-06-26 12:35:36'),
	(10, 'Consequatur nihil aliquid facilis qui.', NULL, NULL, 'https://picsum.photos/80/100', '716600938', '580212107', '3', 'sit', '18 meses', 21.00, 44, '2023-06-26 12:35:36', '2023-06-26 12:35:36'),
	(11, 'Voluptatem libero non quaerat consequatur id aut.', NULL, NULL, 'https://picsum.photos/80/100', '625266979', '926777093', '4', 'non', '19 meses', 13.00, 15, '2023-06-26 12:35:36', '2023-06-26 12:35:36'),
	(12, 'Aut hic aut sit sapiente porro.', NULL, NULL, 'https://picsum.photos/80/100', '739777073', '529286346', '6', 'sint', '20 meses', 13.00, 49, '2023-06-26 12:35:36', '2023-06-26 12:35:36'),
	(13, 'Autem eos omnis non.', NULL, NULL, 'https://picsum.photos/80/100', '377199158', '608888288', '9', 'nobis', '18 meses', 20.00, 26, '2023-06-26 12:35:36', '2023-06-26 12:35:36'),
	(14, 'Iste aut velit illo sed.', NULL, NULL, 'https://picsum.photos/80/100', '115439067', '298415225', '6', 'dolore', '20 meses', 18.00, 27, '2023-06-26 12:35:36', '2023-06-26 12:35:36'),
	(15, 'Animi vel autem cum quo.', NULL, NULL, 'https://picsum.photos/80/100', '792301839', '778932146', '7', 'molestiae', '19 meses', 27.00, 9, '2023-06-26 12:35:36', '2023-06-26 12:35:36'),
	(16, 'Dolorem rerum in excepturi id.', NULL, NULL, 'https://picsum.photos/80/100', '315760002', '838538974', '5', 'incidunt', '18 meses', 24.00, 35, '2023-06-26 12:35:36', '2023-06-26 12:35:36'),
	(17, 'Qui commodi repellat cumque sapiente ratione qui est.', NULL, NULL, 'https://picsum.photos/80/100', '144756843', '367747141', '5', 'fuga', '22 meses', 19.00, 26, '2023-06-26 12:35:37', '2023-06-26 12:35:37'),
	(18, 'Sunt quo sapiente et distinctio quisquam vel.', NULL, NULL, 'https://picsum.photos/80/100', '487845348', '524805434', '9', 'saepe', '22 meses', 18.00, 11, '2023-06-26 12:35:37', '2023-06-26 12:35:37'),
	(19, 'Est ratione et minus eos aut rerum.', NULL, NULL, 'https://picsum.photos/80/100', '298762492', '263407826', '3', 'quia', '19 meses', 11.00, 26, '2023-06-26 12:35:37', '2023-06-26 12:35:37'),
	(20, 'In iste voluptas accusantium laudantium.', NULL, NULL, 'https://picsum.photos/80/100', '386026868', '515004818', '7', 'quam', '22 meses', 19.00, 16, '2023-06-26 12:35:37', '2023-06-26 12:35:37'),
	(21, 'Deserunt sit necessitatibus inventore quis aut asperiores.', NULL, NULL, 'https://picsum.photos/80/100', '862880828', '210909072', '2', 'qui', '18 meses', 18.00, 3, '2023-06-26 12:35:37', '2023-06-26 12:35:37'),
	(22, 'Praesentium provident architecto enim minus omnis.', NULL, NULL, 'https://picsum.photos/80/100', '792287050', '362105907', '7', 'distinctio', '20 meses', 28.00, 48, '2023-06-26 12:35:37', '2023-06-26 12:35:37'),
	(23, 'Ea ea quas pariatur deleniti quidem aut et.', NULL, NULL, 'https://picsum.photos/80/100', '965688078', '436037308', '1', 'reiciendis', '21 meses', 17.00, 8, '2023-06-26 12:35:37', '2023-06-26 12:35:37'),
	(24, 'Voluptatum dolor mollitia labore.', NULL, NULL, 'https://picsum.photos/80/100', '714061851', '629595557', '1', 'rem', '22 meses', 24.00, 36, '2023-06-26 12:35:37', '2023-06-26 12:35:37'),
	(25, 'Explicabo ex mollitia et dolores eos.', NULL, NULL, 'https://picsum.photos/80/100', '515138087', '502906341', '2', 'quia', '22 meses', 30.00, 33, '2023-06-26 12:35:37', '2023-06-26 12:35:37'),
	(26, 'Et nihil natus nihil architecto possimus accusamus.', NULL, NULL, 'https://picsum.photos/80/100', '680098842', '391732009', '2', 'magni', '20 meses', 22.00, 40, '2023-06-26 12:35:37', '2023-06-26 12:35:37'),
	(27, 'Quos voluptas minus placeat maiores velit.', NULL, NULL, 'https://picsum.photos/80/100', '485143566', '625593925', '5', 'porro', '22 meses', 11.00, 24, '2023-06-26 12:35:37', '2023-06-26 12:35:37'),
	(28, 'Nostrum deserunt explicabo odit deleniti velit veritatis laboriosam enim.', NULL, NULL, 'https://picsum.photos/80/100', '847767435', '593818234', '3', 'fuga', '21 meses', 12.00, 33, '2023-06-26 12:35:37', '2023-06-26 12:35:37'),
	(29, 'Molestiae quo ea possimus et eos iusto.', NULL, NULL, 'https://picsum.photos/80/100', '959285707', '894302575', '8', 'provident', '21 meses', 26.00, 48, '2023-06-26 12:35:37', '2023-06-26 12:35:37'),
	(30, 'Architecto voluptates dolores sit neque.', NULL, NULL, 'https://picsum.photos/80/100', '972606507', '309988243', '7', 'quam', '20 meses', 15.00, 47, '2023-06-26 12:35:37', '2023-06-26 12:35:37'),
	(31, 'Sequi vero qui nemo perspiciatis.', NULL, NULL, 'https://picsum.photos/80/100', '198503506', '905219088', '2', 'veritatis', '18 meses', 25.00, 48, '2023-06-26 12:35:37', '2023-06-26 12:35:37'),
	(32, 'Distinctio et accusamus expedita eaque.', NULL, NULL, 'https://picsum.photos/80/100', '756487325', '157646280', '6', 'a', '22 meses', 28.00, 38, '2023-06-26 12:35:37', '2023-06-26 12:35:37'),
	(33, 'Eligendi consequatur sunt aperiam debitis eligendi et laudantium culpa.', NULL, NULL, 'https://picsum.photos/80/100', '389330181', '188786467', '1', 'cum', '21 meses', 23.00, 4, '2023-06-26 12:35:37', '2023-06-26 12:35:37'),
	(34, 'Eligendi architecto fugiat animi earum recusandae explicabo quasi.', NULL, NULL, 'https://picsum.photos/80/100', '218805358', '448219540', '7', 'repellendus', '21 meses', 24.00, 20, '2023-06-26 12:35:37', '2023-06-26 12:35:37'),
	(35, 'Fugit qui corrupti eveniet optio delectus in eos.', NULL, NULL, 'https://picsum.photos/80/100', '570134675', '388205844', '1', 'optio', '18 meses', 20.00, 22, '2023-06-26 12:35:37', '2023-06-26 12:35:37'),
	(36, 'Animi maiores dolores quisquam quam possimus harum.', NULL, NULL, 'https://picsum.photos/80/100', '760142779', '334724835', '8', 'rerum', '20 meses', 18.00, 7, '2023-06-26 12:35:37', '2023-06-26 12:35:37'),
	(37, 'Molestias porro repellendus rerum ab incidunt.', NULL, NULL, 'https://picsum.photos/80/100', '700386300', '778816370', '2', 'minima', '21 meses', 24.00, 20, '2023-06-26 12:35:38', '2023-06-26 12:35:38'),
	(38, 'Voluptatem impedit accusantium error aliquid porro ut.', NULL, NULL, 'https://picsum.photos/80/100', '387624012', '753422200', '5', 'maiores', '18 meses', 23.00, 32, '2023-06-26 12:35:38', '2023-06-26 12:35:38'),
	(39, 'Excepturi debitis et dolor maxime consequatur ipsa corporis.', NULL, NULL, 'https://picsum.photos/80/100', '754977944', '640821945', '1', 'qui', '18 meses', 25.00, 14, '2023-06-26 12:35:38', '2023-06-26 12:35:38'),
	(40, 'Soluta qui mollitia sit vel et eum harum possimus.', NULL, NULL, 'https://picsum.photos/80/100', '665072970', '325520353', '2', 'voluptatum', '18 meses', 21.00, 27, '2023-06-26 12:35:38', '2023-06-26 12:35:38'),
	(41, 'Amet impedit aut quaerat fuga et.', NULL, NULL, 'https://picsum.photos/80/100', '313857541', '476642802', '7', 'autem', '19 meses', 19.00, 38, '2023-06-26 12:35:38', '2023-06-26 12:35:38'),
	(42, 'Quis nam velit debitis sint quibusdam.', NULL, NULL, 'https://picsum.photos/80/100', '815701183', '404810315', '1', 'earum', '18 meses', 22.00, 46, '2023-06-26 12:35:38', '2023-06-26 12:35:38'),
	(43, 'Sit officiis dolor dolorum natus deserunt aut ullam.', NULL, NULL, 'https://picsum.photos/80/100', '279358953', '191439670', '8', 'autem', '19 meses', 13.00, 46, '2023-06-26 12:35:38', '2023-06-26 12:35:38'),
	(44, 'Et at laborum commodi omnis necessitatibus laborum dolorum.', NULL, NULL, 'https://picsum.photos/80/100', '939181129', '306329100', '1', 'consequatur', '22 meses', 13.00, 38, '2023-06-26 12:35:38', '2023-06-26 12:35:38'),
	(45, 'Delectus consequatur ipsam quam hic ad voluptatem.', NULL, NULL, 'https://picsum.photos/80/100', '693354650', '693087803', '3', 'molestiae', '18 meses', 15.00, 32, '2023-06-26 12:35:38', '2023-06-26 12:35:38'),
	(46, 'Quia soluta qui hic aliquid iusto.', NULL, NULL, 'https://picsum.photos/80/100', '158070676', '571532887', '2', 'qui', '20 meses', 24.00, 17, '2023-06-26 12:35:38', '2023-06-26 12:35:38'),
	(47, 'Qui velit hic impedit a dolor.', NULL, NULL, 'https://picsum.photos/80/100', '688611590', '171177009', '3', 'aliquid', '20 meses', 27.00, 25, '2023-06-26 12:35:38', '2023-06-26 12:35:38'),
	(48, 'Ratione esse aut perferendis voluptatibus incidunt.', NULL, NULL, 'https://picsum.photos/80/100', '427828372', '622943249', '8', 'sit', '19 meses', 14.00, 28, '2023-06-26 12:35:38', '2023-06-26 12:35:38'),
	(49, 'Ut dolore et quia id quo totam.', NULL, NULL, 'https://picsum.photos/80/100', '703132976', '750617457', '1', 'est', '22 meses', 25.00, 3, '2023-06-26 12:35:38', '2023-06-26 12:35:38'),
	(50, 'Nostrum velit ab ut incidunt veritatis maxime possimus.', NULL, NULL, 'https://picsum.photos/80/100', '518079664', '251340447', '5', 'ea', '22 meses', 29.00, 9, '2023-06-26 12:35:38', '2023-06-26 12:35:38'),
	(51, 'Laboriosam impedit et veniam nihil eligendi.', NULL, NULL, 'https://picsum.photos/80/100', '661246399', '691230015', '4', 'sequi', '20 meses', 27.00, 17, '2023-06-26 12:35:38', '2023-06-26 12:35:38'),
	(52, 'Aperiam nam nulla unde.', NULL, NULL, 'https://picsum.photos/80/100', '316766910', '118107357', '9', 'nam', '19 meses', 17.00, 45, '2023-06-26 12:35:38', '2023-06-26 12:35:38'),
	(53, 'Vero impedit rerum qui magnam sed.', NULL, NULL, 'https://picsum.photos/80/100', '347318516', '141546423', '7', 'optio', '20 meses', 13.00, 39, '2023-06-26 12:35:38', '2023-06-26 12:35:38'),
	(54, 'Quisquam veritatis doloremque ut autem dolorum dolorum excepturi.', NULL, NULL, 'https://picsum.photos/80/100', '728315897', '901398015', '9', 'vel', '18 meses', 17.00, 43, '2023-06-26 12:35:38', '2023-06-26 12:35:38'),
	(55, 'Quaerat provident qui eveniet quia.', NULL, NULL, 'https://picsum.photos/80/100', '515699907', '559345778', '5', 'adipisci', '18 meses', 12.00, 46, '2023-06-26 12:35:38', '2023-06-26 12:35:38'),
	(56, 'Nihil porro ut aut et id debitis.', NULL, NULL, 'https://picsum.photos/80/100', '884807172', '570000516', '2', 'in', '22 meses', 14.00, 4, '2023-06-26 12:35:38', '2023-06-26 12:35:38'),
	(57, 'Voluptas dolores alias ducimus sit autem.', NULL, NULL, 'https://picsum.photos/80/100', '727606581', '219921601', '8', 'qui', '22 meses', 15.00, 30, '2023-06-26 12:35:38', '2023-06-26 12:35:38'),
	(58, 'Soluta vel fuga qui magni facere et et.', NULL, NULL, 'https://picsum.photos/80/100', '502951304', '788556991', '8', 'velit', '18 meses', 10.00, 42, '2023-06-26 12:35:38', '2023-06-26 12:35:38'),
	(59, 'Atque minus dicta veritatis laboriosam.', NULL, NULL, 'https://picsum.photos/80/100', '670786605', '440151589', '6', 'quae', '22 meses', 24.00, 12, '2023-06-26 12:35:39', '2023-06-26 12:35:39'),
	(60, 'Rerum animi non velit odit ab sint quae vero.', NULL, NULL, 'https://picsum.photos/80/100', '463520689', '604842325', '8', 'ratione', '19 meses', 24.00, 47, '2023-06-26 12:35:39', '2023-06-26 12:35:39'),
	(61, 'Beatae ex quasi saepe nemo vitae dolorem ipsum.', NULL, NULL, 'https://picsum.photos/80/100', '611815592', '886417073', '3', 'neque', '18 meses', 16.00, 43, '2023-06-26 12:35:40', '2023-06-26 12:35:40'),
	(62, 'Aut blanditiis omnis ut.', NULL, NULL, 'https://picsum.photos/80/100', '775945493', '803064041', '1', 'sit', '21 meses', 27.00, 7, '2023-06-26 12:35:41', '2023-06-26 12:35:41'),
	(63, 'Dolores quos nulla sed aliquam sint sit.', NULL, NULL, 'https://picsum.photos/80/100', '138447876', '459907034', '5', 'et', '21 meses', 13.00, 49, '2023-06-26 12:35:41', '2023-06-26 12:35:41'),
	(64, 'Omnis aperiam facere ut nemo animi et necessitatibus provident.', NULL, NULL, 'https://picsum.photos/80/100', '959751763', '661845049', '2', 'tempora', '20 meses', 28.00, 1, '2023-06-26 12:35:41', '2023-06-26 12:35:41'),
	(65, 'Numquam aperiam qui quos omnis et maiores.', NULL, NULL, 'https://picsum.photos/80/100', '286322227', '612995745', '8', 'ex', '18 meses', 11.00, 9, '2023-06-26 12:35:41', '2023-06-26 12:35:41'),
	(66, 'Aliquam sed delectus dolore consequatur quia.', NULL, NULL, 'https://picsum.photos/80/100', '127040058', '929852991', '4', 'ad', '19 meses', 24.00, 47, '2023-06-26 12:35:41', '2023-06-26 12:35:41'),
	(67, 'Voluptatibus velit doloribus magnam neque laboriosam omnis libero.', NULL, NULL, 'https://picsum.photos/80/100', '995977767', '707626118', '2', 'numquam', '20 meses', 15.00, 15, '2023-06-26 12:35:41', '2023-06-26 12:35:41'),
	(68, 'Optio ducimus maxime deserunt iure sed.', NULL, NULL, 'https://picsum.photos/80/100', '836667417', '901881980', '1', 'rerum', '19 meses', 26.00, 23, '2023-06-26 12:35:41', '2023-06-26 12:35:41'),
	(69, 'Deserunt vel explicabo hic ut alias veniam itaque et.', NULL, NULL, 'https://picsum.photos/80/100', '626228444', '972261065', '3', 'quia', '20 meses', 15.00, 24, '2023-06-26 12:35:41', '2023-06-26 12:35:41'),
	(70, 'Ut quia consequuntur mollitia eaque est omnis.', NULL, NULL, 'https://picsum.photos/80/100', '339991201', '940115338', '3', 'iure', '18 meses', 15.00, 21, '2023-06-26 12:35:41', '2023-06-26 12:35:41'),
	(71, 'Nemo ea blanditiis praesentium qui dolor nihil.', NULL, NULL, 'https://picsum.photos/80/100', '851725430', '813743110', '2', 'consequatur', '20 meses', 24.00, 42, '2023-06-26 12:35:42', '2023-06-26 12:35:42'),
	(72, 'Rerum quibusdam vel omnis ullam autem occaecati fuga.', NULL, NULL, 'https://picsum.photos/80/100', '379941835', '823087157', '3', 'harum', '19 meses', 18.00, 14, '2023-06-26 12:35:42', '2023-06-26 12:35:42'),
	(73, 'Necessitatibus aspernatur quia non ut recusandae voluptas dolorem.', NULL, NULL, 'https://picsum.photos/80/100', '557168663', '924444301', '5', 'quo', '22 meses', 15.00, 43, '2023-06-26 12:35:42', '2023-06-26 12:35:42'),
	(74, 'Sit illo delectus deleniti ipsum.', NULL, NULL, 'https://picsum.photos/80/100', '394493399', '758072361', '6', 'molestias', '20 meses', 14.00, 9, '2023-06-26 12:35:42', '2023-06-26 12:35:42'),
	(75, 'Nam quas non quae placeat est ducimus magni cumque.', NULL, NULL, 'https://picsum.photos/80/100', '820817305', '646387013', '3', 'eum', '22 meses', 27.00, 18, '2023-06-26 12:35:42', '2023-06-26 12:35:42'),
	(76, 'Et repellat nulla autem voluptate.', NULL, NULL, 'https://picsum.photos/80/100', '825012634', '963333668', '2', 'voluptas', '18 meses', 12.00, 15, '2023-06-26 12:35:42', '2023-06-26 12:35:42'),
	(77, 'Omnis rerum amet fugiat facilis.', NULL, NULL, 'https://picsum.photos/80/100', '820971368', '517973219', '7', 'placeat', '22 meses', 16.00, 47, '2023-06-26 12:35:42', '2023-06-26 12:35:42'),
	(78, 'Alias tempore libero sapiente odio consequatur eum iusto.', NULL, NULL, 'https://picsum.photos/80/100', '813120962', '198391421', '1', 'rerum', '22 meses', 17.00, 34, '2023-06-26 12:35:42', '2023-06-26 12:35:42'),
	(79, 'Debitis doloremque amet sint quasi quidem ipsa eligendi placeat.', NULL, NULL, 'https://picsum.photos/80/100', '631039173', '945188326', '7', 'aliquam', '22 meses', 26.00, 4, '2023-06-26 12:35:42', '2023-06-26 12:35:42'),
	(80, 'Totam maxime ea sit similique voluptas aut.', NULL, NULL, 'https://picsum.photos/80/100', '649753517', '711584079', '7', 'deleniti', '19 meses', 16.00, 41, '2023-06-26 12:35:42', '2023-06-26 12:35:42'),
	(81, 'Reiciendis soluta dolor at ad a.', NULL, NULL, 'https://picsum.photos/80/100', '424035083', '167722720', '5', 'tenetur', '20 meses', 17.00, 35, '2023-06-26 12:35:42', '2023-06-26 12:35:42'),
	(82, 'Consectetur totam ea vero dignissimos nemo est rerum.', NULL, NULL, 'https://picsum.photos/80/100', '954584855', '552363115', '3', 'illum', '19 meses', 14.00, 50, '2023-06-26 12:35:42', '2023-06-26 12:35:42'),
	(83, 'Quibusdam delectus dolorem consequatur in corrupti voluptatibus.', NULL, NULL, 'https://picsum.photos/80/100', '464933206', '817274891', '6', 'molestias', '19 meses', 27.00, 26, '2023-06-26 12:35:42', '2023-06-26 12:35:42'),
	(84, 'Quam omnis dolores incidunt totam aspernatur repellendus laboriosam.', NULL, NULL, 'https://picsum.photos/80/100', '925470542', '353372756', '5', 'amet', '18 meses', 29.00, 10, '2023-06-26 12:35:42', '2023-06-26 12:35:42'),
	(85, 'Nesciunt quibusdam et et voluptatem aut.', NULL, NULL, 'https://picsum.photos/80/100', '542313556', '578780140', '2', 'ut', '22 meses', 26.00, 40, '2023-06-26 12:35:42', '2023-06-26 12:35:42'),
	(86, 'Optio vitae fuga in quod et adipisci rem.', NULL, NULL, 'https://picsum.photos/80/100', '675889382', '690820160', '8', 'soluta', '21 meses', 20.00, 17, '2023-06-26 12:35:42', '2023-06-26 12:35:42'),
	(87, 'Ipsum dolore sapiente excepturi laudantium blanditiis voluptatem.', NULL, NULL, 'https://picsum.photos/80/100', '667088458', '363010887', '2', 'saepe', '18 meses', 20.00, 11, '2023-06-26 12:35:42', '2023-06-26 12:35:42'),
	(88, 'Nobis quia perspiciatis voluptatem ut aspernatur ipsam.', NULL, NULL, 'https://picsum.photos/80/100', '865554369', '305139747', '5', 'illo', '18 meses', 25.00, 38, '2023-06-26 12:35:42', '2023-06-26 12:35:42'),
	(89, 'Iste cum sunt quia velit nulla autem.', NULL, NULL, 'https://picsum.photos/80/100', '442584453', '371499838', '8', 'tenetur', '22 meses', 30.00, 33, '2023-06-26 12:35:42', '2023-06-26 12:35:42'),
	(90, 'Suscipit qui aut explicabo cumque natus.', NULL, NULL, 'https://picsum.photos/80/100', '263142839', '832810155', '3', 'aut', '19 meses', 27.00, 31, '2023-06-26 12:35:42', '2023-06-26 12:35:42'),
	(91, 'Esse rerum ut quae laudantium.', NULL, NULL, 'https://picsum.photos/80/100', '122580292', '464195851', '6', 'perferendis', '20 meses', 25.00, 46, '2023-06-26 12:35:42', '2023-06-26 12:35:42'),
	(92, 'Eligendi porro nostrum delectus assumenda porro.', NULL, NULL, 'https://picsum.photos/80/100', '841738530', '354499929', '4', 'et', '18 meses', 13.00, 42, '2023-06-26 12:35:42', '2023-06-26 12:35:42'),
	(93, 'Dolorum occaecati voluptas necessitatibus doloremque quod.', NULL, NULL, 'https://picsum.photos/80/100', '406047996', '412628393', '5', 'ut', '21 meses', 29.00, 48, '2023-06-26 12:35:42', '2023-06-26 12:35:42'),
	(94, 'Sed beatae voluptatum cumque omnis ut occaecati.', NULL, NULL, 'https://picsum.photos/80/100', '541674547', '317350029', '1', 'ea', '20 meses', 30.00, 15, '2023-06-26 12:35:42', '2023-06-26 12:35:42'),
	(95, 'Omnis consequuntur consequatur voluptas quae ratione ut sunt.', NULL, NULL, 'https://picsum.photos/80/100', '496679345', '609584733', '9', 'odit', '19 meses', 22.00, 28, '2023-06-26 12:35:43', '2023-06-26 12:35:43'),
	(96, 'Pariatur quod iusto quod itaque.', NULL, NULL, 'https://picsum.photos/80/100', '527074559', '817239075', '7', 'omnis', '19 meses', 26.00, 22, '2023-06-26 12:35:43', '2023-06-26 12:35:43'),
	(97, 'Et nisi doloribus est voluptatum impedit dignissimos.', NULL, NULL, 'https://picsum.photos/80/100', '233332493', '499288912', '7', 'iusto', '18 meses', 19.00, 2, '2023-06-26 12:35:43', '2023-06-26 12:35:43'),
	(98, 'Delectus tempora autem necessitatibus sunt magnam ipsa et.', NULL, NULL, 'https://picsum.photos/80/100', '498914531', '612770667', '1', 'voluptatem', '22 meses', 29.00, 16, '2023-06-26 12:35:43', '2023-06-26 12:35:43'),
	(99, 'Quo molestiae eos nulla aliquid.', NULL, NULL, 'https://picsum.photos/80/100', '125910310', '221465211', '5', 'facere', '18 meses', 17.00, 21, '2023-06-26 12:35:43', '2023-06-26 12:35:43'),
	(100, 'Assumenda voluptas asperiores aut atque dolorem earum.', NULL, NULL, 'https://picsum.photos/80/100', '350611368', '501820847', '9', 'quaerat', '19 meses', 27.00, 35, '2023-06-26 12:35:43', '2023-06-26 12:35:43'),
	(101, 'Quo et quia ex quisquam veniam libero.', NULL, NULL, 'https://picsum.photos/80/100', '309396425', '323125756', '5', 'dolorem', '22 meses', 27.00, 6, '2023-06-26 12:35:43', '2023-06-26 12:35:43'),
	(102, 'Molestias doloremque a ipsa iusto voluptatibus voluptatem.', NULL, NULL, 'https://picsum.photos/80/100', '390047136', '961738234', '2', 'tenetur', '18 meses', 24.00, 26, '2023-06-26 12:35:43', '2023-06-26 12:35:43'),
	(103, 'Voluptatem nihil deleniti quia quia et.', NULL, NULL, 'https://picsum.photos/80/100', '495208670', '222730299', '7', 'qui', '21 meses', 14.00, 16, '2023-06-26 12:35:43', '2023-06-26 12:35:43'),
	(104, 'Maxime dolorum esse consequuntur ea.', NULL, NULL, 'https://picsum.photos/80/100', '765154472', '297695649', '1', 'repellat', '22 meses', 12.00, 45, '2023-06-26 12:35:43', '2023-06-26 12:35:43'),
	(105, 'Aut voluptas commodi architecto inventore veniam.', NULL, NULL, 'https://picsum.photos/80/100', '226482068', '152599890', '3', 'incidunt', '18 meses', 19.00, 29, '2023-06-26 12:35:43', '2023-06-26 12:35:43'),
	(106, 'Expedita ut quo est unde quia veniam pariatur.', NULL, NULL, 'https://picsum.photos/80/100', '202035866', '909991571', '2', 'similique', '22 meses', 12.00, 28, '2023-06-26 12:35:43', '2023-06-26 12:35:43'),
	(107, 'Unde modi quas officia ipsum tenetur harum.', NULL, NULL, 'https://picsum.photos/80/100', '114112668', '893008833', '5', 'totam', '21 meses', 12.00, 42, '2023-06-26 12:35:43', '2023-06-26 12:35:43'),
	(108, 'Aut inventore aut similique molestias aut voluptas minus.', NULL, NULL, 'https://picsum.photos/80/100', '819569280', '561230798', '9', 'id', '18 meses', 25.00, 48, '2023-06-26 12:35:43', '2023-06-26 12:35:43'),
	(109, 'Magnam velit unde enim repellat ut modi.', NULL, NULL, 'https://picsum.photos/80/100', '801764054', '454787982', '5', 'voluptatem', '19 meses', 21.00, 38, '2023-06-26 12:35:43', '2023-06-26 12:35:43'),
	(110, 'Pariatur accusantium ipsa architecto occaecati nam dolorem molestias.', NULL, NULL, 'https://picsum.photos/80/100', '540472526', '772413522', '5', 'ipsum', '21 meses', 15.00, 7, '2023-06-26 12:35:43', '2023-06-26 12:35:43'),
	(111, 'Aut omnis omnis iusto ipsam.', NULL, NULL, 'https://picsum.photos/80/100', '595978244', '541716688', '5', 'et', '21 meses', 25.00, 19, '2023-06-26 12:35:43', '2023-06-26 12:35:43'),
	(112, 'Qui consequatur asperiores nemo autem consequatur nihil.', NULL, NULL, 'https://picsum.photos/80/100', '246798062', '783338725', '4', 'ut', '18 meses', 20.00, 13, '2023-06-26 12:35:43', '2023-06-26 12:35:43'),
	(113, 'Sunt perferendis rerum consequuntur quasi maxime.', NULL, NULL, 'https://picsum.photos/80/100', '597961609', '870413775', '1', 'in', '22 meses', 19.00, 23, '2023-06-26 12:35:43', '2023-06-26 12:35:43'),
	(114, 'Placeat sit sed aut consequuntur dicta debitis id.', NULL, NULL, 'https://picsum.photos/80/100', '347137072', '895253911', '1', 'ducimus', '20 meses', 15.00, 17, '2023-06-26 12:35:43', '2023-06-26 12:35:43'),
	(115, 'Aliquam temporibus numquam ut recusandae distinctio nihil eaque.', NULL, NULL, 'https://picsum.photos/80/100', '341451710', '203032351', '9', 'perferendis', '21 meses', 24.00, 26, '2023-06-26 12:35:43', '2023-06-26 12:35:43'),
	(116, 'Similique et non consequatur.', NULL, NULL, 'https://picsum.photos/80/100', '508718153', '973032558', '5', 'aspernatur', '18 meses', 30.00, 22, '2023-06-26 12:35:43', '2023-06-26 12:35:43'),
	(117, 'Quod impedit omnis possimus at rerum ea.', NULL, NULL, 'https://picsum.photos/80/100', '414352961', '915106705', '9', 'dolores', '22 meses', 22.00, 24, '2023-06-26 12:35:43', '2023-06-26 12:35:43'),
	(118, 'Et voluptatem reprehenderit quaerat reprehenderit corporis quia optio.', NULL, NULL, 'https://picsum.photos/80/100', '226980648', '266582777', '7', 'tempora', '18 meses', 25.00, 25, '2023-06-26 12:35:44', '2023-06-26 12:35:44'),
	(119, 'Ut dolorem esse illum eveniet.', NULL, NULL, 'https://picsum.photos/80/100', '186140287', '300163896', '2', 'voluptate', '18 meses', 12.00, 7, '2023-06-26 12:35:44', '2023-06-26 12:35:44'),
	(120, 'Ad veniam omnis repellendus voluptate.', NULL, NULL, 'https://picsum.photos/80/100', '670276905', '801147981', '2', 'asperiores', '19 meses', 25.00, 23, '2023-06-26 12:35:44', '2023-06-26 12:35:44'),
	(121, 'Quaerat placeat mollitia sed quo repellat corrupti ipsum neque.', NULL, NULL, 'https://picsum.photos/80/100', '498624880', '685894035', '5', 'sunt', '20 meses', 27.00, 30, '2023-06-26 12:35:44', '2023-06-26 12:35:44'),
	(122, 'Enim alias ad alias fugit temporibus velit odit.', NULL, NULL, 'https://picsum.photos/80/100', '866542962', '806427623', '8', 'aut', '22 meses', 18.00, 47, '2023-06-26 12:35:44', '2023-06-26 12:35:44'),
	(123, 'Qui eos ut quaerat atque.', NULL, NULL, 'https://picsum.photos/80/100', '491505026', '519714545', '3', 'ut', '21 meses', 26.00, 39, '2023-06-26 12:35:44', '2023-06-26 12:35:44'),
	(124, 'Harum consequuntur qui consequuntur aut amet minus expedita.', NULL, NULL, 'https://picsum.photos/80/100', '174866255', '973459072', '2', 'error', '22 meses', 24.00, 4, '2023-06-26 12:35:44', '2023-06-26 12:35:44'),
	(125, 'Sint ut est provident repellendus in sint delectus quam.', NULL, NULL, 'https://picsum.photos/80/100', '161227912', '621670024', '4', 'illo', '19 meses', 12.00, 29, '2023-06-26 12:35:44', '2023-06-26 12:35:44'),
	(126, 'Dolorem voluptatibus velit illo.', NULL, NULL, 'https://picsum.photos/80/100', '464640738', '757833820', '4', 'suscipit', '21 meses', 15.00, 48, '2023-06-26 12:35:44', '2023-06-26 12:35:44'),
	(127, 'Voluptas molestias et rem suscipit ipsum.', NULL, NULL, 'https://picsum.photos/80/100', '659302328', '994404486', '7', 'ad', '22 meses', 21.00, 42, '2023-06-26 12:35:44', '2023-06-26 12:35:44'),
	(128, 'Quos et ab aut impedit.', NULL, NULL, 'https://picsum.photos/80/100', '429497174', '453603551', '5', 'quibusdam', '22 meses', 16.00, 2, '2023-06-26 12:35:44', '2023-06-26 12:35:44'),
	(129, 'Nam ut optio voluptatem est.', NULL, NULL, 'https://picsum.photos/80/100', '164668566', '849259220', '6', 'enim', '21 meses', 13.00, 12, '2023-06-26 12:35:44', '2023-06-26 12:35:44'),
	(130, 'Consequatur optio ducimus quia quos.', NULL, NULL, 'https://picsum.photos/80/100', '711923490', '696725873', '8', 'officia', '20 meses', 10.00, 36, '2023-06-26 12:35:44', '2023-06-26 12:35:44'),
	(131, 'Aliquam eligendi quisquam atque.', NULL, NULL, 'https://picsum.photos/80/100', '891747012', '264368877', '3', 'officia', '21 meses', 14.00, 10, '2023-06-26 12:35:44', '2023-06-26 12:35:44'),
	(132, 'In placeat quia quisquam ut reiciendis laudantium.', NULL, NULL, 'https://picsum.photos/80/100', '714833077', '691013641', '3', 'at', '21 meses', 29.00, 26, '2023-06-26 12:35:44', '2023-06-26 12:35:44'),
	(133, 'Quo esse quidem modi voluptate excepturi qui.', NULL, NULL, 'https://picsum.photos/80/100', '808437813', '622187552', '7', 'sit', '18 meses', 10.00, 26, '2023-06-26 12:35:44', '2023-06-26 12:35:44'),
	(134, 'Sed cupiditate tenetur nam aut officia.', NULL, NULL, 'https://picsum.photos/80/100', '945082828', '829308825', '3', 'repellendus', '22 meses', 18.00, 39, '2023-06-26 12:35:44', '2023-06-26 12:35:44'),
	(135, 'Et magnam dolorem eos doloremque ea fugit.', NULL, NULL, 'https://picsum.photos/80/100', '332256901', '637779300', '2', 'ducimus', '21 meses', 16.00, 13, '2023-06-26 12:35:44', '2023-06-26 12:35:44'),
	(136, 'In nesciunt repudiandae aut voluptas ab aut.', NULL, NULL, 'https://picsum.photos/80/100', '168894670', '905193440', '3', 'laudantium', '20 meses', 10.00, 34, '2023-06-26 12:35:44', '2023-06-26 12:35:44'),
	(137, 'Voluptas qui quos eum.', NULL, NULL, 'https://picsum.photos/80/100', '175169073', '858593734', '4', 'magnam', '21 meses', 11.00, 35, '2023-06-26 12:35:44', '2023-06-26 12:35:44'),
	(138, 'Facere a autem maxime ut error totam porro.', NULL, NULL, 'https://picsum.photos/80/100', '385221061', '786311864', '3', 'vel', '21 meses', 23.00, 15, '2023-06-26 12:35:45', '2023-06-26 12:35:45'),
	(139, 'Architecto quia quod tempore expedita et quia vitae.', NULL, NULL, 'https://picsum.photos/80/100', '903169121', '481564502', '6', 'quae', '18 meses', 10.00, 44, '2023-06-26 12:35:45', '2023-06-26 12:35:45'),
	(140, 'Vitae quas suscipit quasi a non autem.', NULL, NULL, 'https://picsum.photos/80/100', '419545978', '619184221', '2', 'facilis', '22 meses', 26.00, 17, '2023-06-26 12:35:45', '2023-06-26 12:35:45'),
	(141, 'Tempora aperiam non sit earum aut nostrum.', NULL, NULL, 'https://picsum.photos/80/100', '181584868', '720180771', '5', 'est', '20 meses', 19.00, 43, '2023-06-26 12:35:45', '2023-06-26 12:35:45'),
	(142, 'Corrupti nisi voluptatem voluptatem illum.', NULL, NULL, 'https://picsum.photos/80/100', '458350012', '747248142', '6', 'impedit', '19 meses', 24.00, 27, '2023-06-26 12:35:45', '2023-06-26 12:35:45'),
	(143, 'Culpa animi distinctio quia.', NULL, NULL, 'https://picsum.photos/80/100', '148324407', '353390153', '2', 'magni', '19 meses', 28.00, 6, '2023-06-26 12:35:45', '2023-06-26 12:35:45'),
	(144, 'Ducimus laboriosam est eius dignissimos.', NULL, NULL, 'https://picsum.photos/80/100', '952538285', '712588406', '5', 'quos', '19 meses', 24.00, 13, '2023-06-26 12:35:45', '2023-06-26 12:35:45'),
	(145, 'Dolorem non recusandae atque dolorum dolores ea ab.', NULL, NULL, 'https://picsum.photos/80/100', '280193399', '900024639', '9', 'temporibus', '19 meses', 21.00, 6, '2023-06-26 12:35:45', '2023-06-26 12:35:45'),
	(146, 'Earum repudiandae earum cumque mollitia delectus expedita beatae commodi.', NULL, NULL, 'https://picsum.photos/80/100', '519535705', '929828505', '5', 'aut', '20 meses', 11.00, 17, '2023-06-26 12:35:45', '2023-06-26 12:35:45'),
	(147, 'Maiores laborum maxime aut dolor.', NULL, NULL, 'https://picsum.photos/80/100', '815393609', '460597205', '7', 'dolor', '20 meses', 22.00, 30, '2023-06-26 12:35:45', '2023-06-26 12:35:45'),
	(148, 'Sapiente nisi ut et nesciunt.', NULL, NULL, 'https://picsum.photos/80/100', '233003164', '968175148', '4', 'odit', '19 meses', 16.00, 15, '2023-06-26 12:35:45', '2023-06-26 12:35:45'),
	(149, 'Omnis sunt recusandae voluptates aliquid quo.', NULL, NULL, 'https://picsum.photos/80/100', '275480515', '664944883', '9', 'dolor', '20 meses', 29.00, 24, '2023-06-26 12:35:45', '2023-06-26 12:35:45'),
	(150, 'Ut quasi architecto aut.', NULL, NULL, 'https://picsum.photos/80/100', '117614814', '680571587', '5', 'qui', '19 meses', 28.00, 6, '2023-06-26 12:35:45', '2023-06-26 12:35:45'),
	(151, 'Repellendus quis rerum sit dolorem enim repellat velit aut.', NULL, NULL, 'https://picsum.photos/80/100', '646541116', '188066039', '1', 'accusamus', '19 meses', 20.00, 25, '2023-06-26 12:35:45', '2023-06-26 12:35:45'),
	(152, 'Quos mollitia et tenetur aut nam.', NULL, NULL, 'https://picsum.photos/80/100', '615384433', '740487044', '3', 'quaerat', '18 meses', 12.00, 26, '2023-06-26 12:35:45', '2023-06-26 12:35:45'),
	(153, 'Explicabo eos et totam expedita.', NULL, NULL, 'https://picsum.photos/80/100', '958713398', '316915737', '4', 'repellat', '21 meses', 28.00, 17, '2023-06-26 12:35:45', '2023-06-26 12:35:45'),
	(154, 'Nobis temporibus quia esse eos ut eligendi.', NULL, NULL, 'https://picsum.photos/80/100', '571400794', '500291963', '8', 'ullam', '20 meses', 28.00, 40, '2023-06-26 12:35:45', '2023-06-26 12:35:45'),
	(155, 'Iusto repudiandae aut reiciendis dolorem illum sint.', NULL, NULL, 'https://picsum.photos/80/100', '900230488', '131164365', '1', 'mollitia', '21 meses', 23.00, 12, '2023-06-26 12:35:45', '2023-06-26 12:35:45'),
	(156, 'Quo ut veritatis ipsa est delectus aut minima.', NULL, NULL, 'https://picsum.photos/80/100', '659690505', '265687225', '3', 'numquam', '22 meses', 13.00, 29, '2023-06-26 12:35:46', '2023-06-26 12:35:46'),
	(157, 'Ut rerum numquam perspiciatis nihil et voluptatem iste.', NULL, NULL, 'https://picsum.photos/80/100', '528540159', '874550854', '2', 'facere', '18 meses', 26.00, 5, '2023-06-26 12:35:46', '2023-06-26 12:35:46'),
	(158, 'Et aut omnis earum voluptas esse deserunt nihil.', NULL, NULL, 'https://picsum.photos/80/100', '711535438', '603596291', '4', 'adipisci', '20 meses', 28.00, 12, '2023-06-26 12:35:46', '2023-06-26 12:35:46'),
	(159, 'Quo voluptatum nesciunt esse sapiente reprehenderit praesentium dolores.', NULL, NULL, 'https://picsum.photos/80/100', '278590257', '942236459', '6', 'omnis', '18 meses', 25.00, 1, '2023-06-26 12:35:46', '2023-06-26 12:35:46'),
	(160, 'Doloribus nihil odio quidem voluptatem enim quis laboriosam maxime.', NULL, NULL, 'https://picsum.photos/80/100', '347026649', '565309526', '4', 'omnis', '19 meses', 12.00, 11, '2023-06-26 12:35:46', '2023-06-26 12:35:46'),
	(161, 'Sit adipisci labore quis molestiae dolores est.', NULL, NULL, 'https://picsum.photos/80/100', '388979992', '557773499', '9', 'et', '21 meses', 14.00, 14, '2023-06-26 12:35:46', '2023-06-26 12:35:46'),
	(162, 'Fugiat enim aliquid sunt ipsam ipsam voluptas voluptates.', NULL, NULL, 'https://picsum.photos/80/100', '705313947', '204183019', '8', 'ut', '20 meses', 25.00, 49, '2023-06-26 12:35:46', '2023-06-26 12:35:46'),
	(163, 'Quia sint vel tempore id.', NULL, NULL, 'https://picsum.photos/80/100', '464746171', '766081461', '1', 'quidem', '20 meses', 28.00, 37, '2023-06-26 12:35:46', '2023-06-26 12:35:46'),
	(164, 'Qui est asperiores suscipit nostrum quibusdam.', NULL, NULL, 'https://picsum.photos/80/100', '242484467', '445041276', '5', 'doloribus', '20 meses', 17.00, 50, '2023-06-26 12:35:46', '2023-06-26 12:35:46'),
	(165, 'Id libero aut amet voluptas tenetur excepturi dolorem.', NULL, NULL, 'https://picsum.photos/80/100', '910582696', '625561787', '3', 'sunt', '18 meses', 24.00, 27, '2023-06-26 12:35:46', '2023-06-26 12:35:46'),
	(166, 'Consequatur earum qui placeat.', NULL, NULL, 'https://picsum.photos/80/100', '908818525', '297654991', '2', 'rerum', '21 meses', 11.00, 31, '2023-06-26 12:35:46', '2023-06-26 12:35:46'),
	(167, 'Vel voluptatem similique quam ratione aut.', NULL, NULL, 'https://picsum.photos/80/100', '972538720', '802797924', '1', 'quam', '22 meses', 16.00, 11, '2023-06-26 12:35:46', '2023-06-26 12:35:46'),
	(168, 'Quas consequatur harum natus quis.', NULL, NULL, 'https://picsum.photos/80/100', '949725012', '197911809', '2', 'dolores', '19 meses', 15.00, 38, '2023-06-26 12:35:46', '2023-06-26 12:35:46'),
	(169, 'Dolorem blanditiis id ex est harum qui.', NULL, NULL, 'https://picsum.photos/80/100', '708360799', '882767724', '7', 'delectus', '19 meses', 15.00, 1, '2023-06-26 12:35:47', '2023-06-26 12:35:47'),
	(170, 'Nesciunt et sunt cum ullam.', NULL, NULL, 'https://picsum.photos/80/100', '730415912', '326347446', '8', 'tenetur', '18 meses', 28.00, 31, '2023-06-26 12:35:47', '2023-06-26 12:35:47'),
	(171, 'Sunt quam quisquam et est et sit eos.', NULL, NULL, 'https://picsum.photos/80/100', '788063101', '692910497', '5', 'inventore', '20 meses', 25.00, 23, '2023-06-26 12:35:47', '2023-06-26 12:35:47'),
	(172, 'Quidem asperiores sint eveniet nam dignissimos magnam vitae.', NULL, NULL, 'https://picsum.photos/80/100', '890247946', '256886590', '7', 'animi', '19 meses', 18.00, 12, '2023-06-26 12:35:47', '2023-06-26 12:35:47'),
	(173, 'Iure omnis unde sunt veritatis.', NULL, NULL, 'https://picsum.photos/80/100', '420688468', '350507644', '6', 'ut', '22 meses', 26.00, 14, '2023-06-26 12:35:47', '2023-06-26 12:35:47'),
	(174, 'Laudantium dolor tempora et est harum.', NULL, NULL, 'https://picsum.photos/80/100', '975604596', '794732502', '3', 'aut', '18 meses', 16.00, 39, '2023-06-26 12:35:47', '2023-06-26 12:35:47'),
	(175, 'Dolores ex expedita laborum aut animi deserunt.', NULL, NULL, 'https://picsum.photos/80/100', '199741045', '439111690', '2', 'quasi', '19 meses', 13.00, 30, '2023-06-26 12:35:47', '2023-06-26 12:35:47'),
	(176, 'Culpa explicabo asperiores mollitia rerum non.', NULL, NULL, 'https://picsum.photos/80/100', '722985273', '956873037', '1', 'aliquam', '22 meses', 19.00, 18, '2023-06-26 12:35:47', '2023-06-26 12:35:47'),
	(177, 'Itaque similique ea ut eligendi minima.', NULL, NULL, 'https://picsum.photos/80/100', '964204287', '737430507', '1', 'omnis', '18 meses', 26.00, 25, '2023-06-26 12:35:47', '2023-06-26 12:35:47'),
	(178, 'Nulla atque ut temporibus soluta.', NULL, NULL, 'https://picsum.photos/80/100', '933820321', '182316065', '6', 'nostrum', '18 meses', 28.00, 1, '2023-06-26 12:35:47', '2023-06-26 12:35:47'),
	(179, 'Ipsam labore odio a iure.', NULL, NULL, 'https://picsum.photos/80/100', '756369668', '423151013', '1', 'ut', '20 meses', 25.00, 19, '2023-06-26 12:35:47', '2023-06-26 12:35:47'),
	(180, 'Iusto est officiis quibusdam sed sed architecto atque.', NULL, NULL, 'https://picsum.photos/80/100', '580434097', '565698492', '2', 'autem', '18 meses', 15.00, 46, '2023-06-26 12:35:47', '2023-06-26 12:35:47'),
	(181, 'Omnis eligendi veniam assumenda.', NULL, NULL, 'https://picsum.photos/80/100', '464377980', '646466870', '8', 'nemo', '22 meses', 12.00, 50, '2023-06-26 12:35:47', '2023-06-26 12:35:47'),
	(182, 'Magnam omnis esse et molestias cupiditate voluptas.', NULL, NULL, 'https://picsum.photos/80/100', '916693242', '925941378', '3', 'rerum', '19 meses', 29.00, 20, '2023-06-26 12:35:48', '2023-06-26 12:35:48'),
	(183, 'Velit incidunt dolor commodi vel accusantium.', NULL, NULL, 'https://picsum.photos/80/100', '874745214', '974369524', '1', 'perspiciatis', '20 meses', 10.00, 35, '2023-06-26 12:35:48', '2023-06-26 12:35:48'),
	(184, 'Et dolores dolorem culpa in est perferendis soluta.', NULL, NULL, 'https://picsum.photos/80/100', '749917440', '188409154', '4', 'doloribus', '21 meses', 18.00, 31, '2023-06-26 12:35:48', '2023-06-26 12:35:48'),
	(185, 'Dolorem magni et animi laboriosam fugit dolore voluptatem.', NULL, NULL, 'https://picsum.photos/80/100', '567371383', '659133296', '6', 'asperiores', '19 meses', 29.00, 50, '2023-06-26 12:35:48', '2023-06-26 12:35:48'),
	(186, 'Laboriosam aliquid id vel doloribus.', NULL, NULL, 'https://picsum.photos/80/100', '996424886', '469337475', '4', 'impedit', '18 meses', 24.00, 1, '2023-06-26 12:35:48', '2023-06-26 12:35:48'),
	(187, 'Mollitia dolores sit fuga libero corporis.', NULL, NULL, 'https://picsum.photos/80/100', '208842942', '957481336', '8', 'delectus', '18 meses', 18.00, 41, '2023-06-26 12:35:48', '2023-06-26 12:35:48'),
	(188, 'Officia maxime quasi porro qui ullam omnis.', NULL, NULL, 'https://picsum.photos/80/100', '973160684', '355076403', '8', 'natus', '21 meses', 22.00, 10, '2023-06-26 12:35:48', '2023-06-26 12:35:48'),
	(189, 'Delectus voluptatem praesentium non mollitia dignissimos doloremque architecto.', NULL, NULL, 'https://picsum.photos/80/100', '797969080', '324473611', '6', 'dicta', '19 meses', 13.00, 48, '2023-06-26 12:35:48', '2023-06-26 12:35:48'),
	(190, 'Modi et libero maiores vel.', NULL, NULL, 'https://picsum.photos/80/100', '480948091', '301108794', '1', 'illum', '18 meses', 19.00, 5, '2023-06-26 12:35:48', '2023-06-26 12:35:48'),
	(191, 'Non omnis libero aut soluta alias earum sit quia.', NULL, NULL, 'https://picsum.photos/80/100', '608679898', '618323770', '9', 'aut', '19 meses', 27.00, 44, '2023-06-26 12:35:48', '2023-06-26 12:35:48'),
	(192, 'Voluptate eum consectetur omnis autem ut velit.', NULL, NULL, 'https://picsum.photos/80/100', '703269519', '694308078', '7', 'sit', '21 meses', 15.00, 42, '2023-06-26 12:35:48', '2023-06-26 12:35:48'),
	(193, 'Excepturi natus sit sunt velit.', NULL, NULL, 'https://picsum.photos/80/100', '142966788', '254488189', '4', 'facilis', '19 meses', 11.00, 16, '2023-06-26 12:35:48', '2023-06-26 12:35:48'),
	(194, 'Placeat facere rem voluptatum quasi reprehenderit laboriosam.', NULL, NULL, 'https://picsum.photos/80/100', '276521527', '227682642', '7', 'facere', '20 meses', 18.00, 41, '2023-06-26 12:35:48', '2023-06-26 12:35:48'),
	(195, 'Qui sit est voluptates vel.', NULL, NULL, 'https://picsum.photos/80/100', '856307821', '352667426', '3', 'sed', '19 meses', 20.00, 36, '2023-06-26 12:35:48', '2023-06-26 12:35:48'),
	(196, 'Voluptates minus molestiae enim et voluptas ut.', NULL, NULL, 'https://picsum.photos/80/100', '332826437', '761485910', '3', 'et', '22 meses', 17.00, 14, '2023-06-26 12:35:48', '2023-06-26 12:35:48'),
	(197, 'Eum aut labore dolorem voluptatum.', NULL, NULL, 'https://picsum.photos/80/100', '137206378', '848664333', '8', 'voluptatem', '19 meses', 24.00, 16, '2023-06-26 12:35:48', '2023-06-26 12:35:48'),
	(198, 'Voluptas doloribus molestiae veritatis et qui.', NULL, NULL, 'https://picsum.photos/80/100', '923864241', '833392145', '1', 'consequatur', '20 meses', 20.00, 46, '2023-06-26 12:35:48', '2023-06-26 12:35:48'),
	(199, 'Omnis non accusamus vitae et.', NULL, NULL, 'https://picsum.photos/80/100', '488057343', '569182854', '1', 'aut', '22 meses', 24.00, 37, '2023-06-26 12:35:48', '2023-06-26 12:35:48'),
	(200, 'Quia voluptatibus nam ut quis ut.', NULL, NULL, 'https://picsum.photos/80/100', '477485555', '154085178', '7', 'aut', '18 meses', 25.00, 31, '2023-06-26 12:35:48', '2023-06-26 12:35:48');

-- Volcando estructura para tabla db_test_oxford.product_school_level
CREATE TABLE IF NOT EXISTS `product_school_level` (
  `id` bigint(20) unsigned NOT NULL AUTO_INCREMENT,
  `product_id` bigint(20) unsigned NOT NULL,
  `school_level_id` bigint(20) unsigned NOT NULL,
  `created_at` timestamp NULL DEFAULT NULL,
  `updated_at` timestamp NULL DEFAULT NULL,
  PRIMARY KEY (`id`),
  KEY `product_school_level_product_id_foreign` (`product_id`),
  KEY `product_school_level_school_level_id_foreign` (`school_level_id`),
  CONSTRAINT `product_school_level_product_id_foreign` FOREIGN KEY (`product_id`) REFERENCES `products` (`id`) ON DELETE CASCADE,
  CONSTRAINT `product_school_level_school_level_id_foreign` FOREIGN KEY (`school_level_id`) REFERENCES `school_levels` (`id`) ON DELETE CASCADE
) ENGINE=InnoDB AUTO_INCREMENT=101 DEFAULT CHARSET=utf8mb4 COLLATE=utf8mb4_unicode_ci;

-- Volcando datos para la tabla db_test_oxford.product_school_level: ~100 rows (aproximadamente)
INSERT INTO `product_school_level` (`id`, `product_id`, `school_level_id`, `created_at`, `updated_at`) VALUES
	(1, 193, 20, '2023-06-26 12:38:59', '2023-06-26 12:38:59'),
	(2, 11, 17, '2023-06-26 12:38:59', '2023-06-26 12:38:59'),
	(3, 19, 22, '2023-06-26 12:38:59', '2023-06-26 12:38:59'),
	(4, 41, 18, '2023-06-26 12:38:59', '2023-06-26 12:38:59'),
	(5, 46, 5, '2023-06-26 12:38:59', '2023-06-26 12:38:59'),
	(6, 138, 12, '2023-06-26 12:38:59', '2023-06-26 12:38:59'),
	(7, 151, 18, '2023-06-26 12:38:59', '2023-06-26 12:38:59'),
	(8, 44, 3, '2023-06-26 12:38:59', '2023-06-26 12:38:59'),
	(9, 48, 22, '2023-06-26 12:38:59', '2023-06-26 12:38:59'),
	(10, 30, 12, '2023-06-26 12:38:59', '2023-06-26 12:38:59'),
	(11, 27, 20, '2023-06-26 12:38:59', '2023-06-26 12:38:59'),
	(12, 116, 20, '2023-06-26 12:38:59', '2023-06-26 12:38:59'),
	(13, 123, 24, '2023-06-26 12:38:59', '2023-06-26 12:38:59'),
	(14, 153, 20, '2023-06-26 12:38:59', '2023-06-26 12:38:59'),
	(15, 23, 10, '2023-06-26 12:38:59', '2023-06-26 12:38:59'),
	(16, 118, 8, '2023-06-26 12:38:59', '2023-06-26 12:38:59'),
	(17, 156, 18, '2023-06-26 12:38:59', '2023-06-26 12:38:59'),
	(18, 111, 2, '2023-06-26 12:38:59', '2023-06-26 12:38:59'),
	(19, 183, 15, '2023-06-26 12:39:00', '2023-06-26 12:39:00'),
	(20, 124, 24, '2023-06-26 12:39:00', '2023-06-26 12:39:00'),
	(21, 85, 15, '2023-06-26 12:39:00', '2023-06-26 12:39:00'),
	(22, 156, 10, '2023-06-26 12:39:00', '2023-06-26 12:39:00'),
	(23, 135, 24, '2023-06-26 12:39:00', '2023-06-26 12:39:00'),
	(24, 45, 25, '2023-06-26 12:39:00', '2023-06-26 12:39:00'),
	(25, 97, 17, '2023-06-26 12:39:00', '2023-06-26 12:39:00'),
	(26, 89, 25, '2023-06-26 12:39:00', '2023-06-26 12:39:00'),
	(27, 120, 15, '2023-06-26 12:39:00', '2023-06-26 12:39:00'),
	(28, 38, 24, '2023-06-26 12:39:00', '2023-06-26 12:39:00'),
	(29, 66, 1, '2023-06-26 12:39:00', '2023-06-26 12:39:00'),
	(30, 110, 20, '2023-06-26 12:39:00', '2023-06-26 12:39:00'),
	(31, 126, 3, '2023-06-26 12:39:00', '2023-06-26 12:39:00'),
	(32, 171, 16, '2023-06-26 12:39:00', '2023-06-26 12:39:00'),
	(33, 180, 14, '2023-06-26 12:39:00', '2023-06-26 12:39:00'),
	(34, 73, 16, '2023-06-26 12:39:00', '2023-06-26 12:39:00'),
	(35, 114, 17, '2023-06-26 12:39:00', '2023-06-26 12:39:00'),
	(36, 45, 18, '2023-06-26 12:39:00', '2023-06-26 12:39:00'),
	(37, 106, 18, '2023-06-26 12:39:00', '2023-06-26 12:39:00'),
	(38, 124, 14, '2023-06-26 12:39:00', '2023-06-26 12:39:00'),
	(39, 64, 21, '2023-06-26 12:39:00', '2023-06-26 12:39:00'),
	(40, 52, 10, '2023-06-26 12:39:00', '2023-06-26 12:39:00'),
	(41, 179, 14, '2023-06-26 12:39:00', '2023-06-26 12:39:00'),
	(42, 110, 13, '2023-06-26 12:39:00', '2023-06-26 12:39:00'),
	(43, 197, 8, '2023-06-26 12:39:00', '2023-06-26 12:39:00'),
	(44, 121, 18, '2023-06-26 12:39:00', '2023-06-26 12:39:00'),
	(45, 85, 21, '2023-06-26 12:39:00', '2023-06-26 12:39:00'),
	(46, 4, 25, '2023-06-26 12:39:01', '2023-06-26 12:39:01'),
	(47, 7, 9, '2023-06-26 12:39:01', '2023-06-26 12:39:01'),
	(48, 118, 24, '2023-06-26 12:39:01', '2023-06-26 12:39:01'),
	(49, 40, 1, '2023-06-26 12:39:01', '2023-06-26 12:39:01'),
	(50, 132, 14, '2023-06-26 12:39:01', '2023-06-26 12:39:01'),
	(51, 186, 9, '2023-06-26 12:39:01', '2023-06-26 12:39:01'),
	(52, 49, 20, '2023-06-26 12:39:01', '2023-06-26 12:39:01'),
	(53, 29, 11, '2023-06-26 12:39:01', '2023-06-26 12:39:01'),
	(54, 200, 18, '2023-06-26 12:39:01', '2023-06-26 12:39:01'),
	(55, 57, 17, '2023-06-26 12:39:01', '2023-06-26 12:39:01'),
	(56, 6, 25, '2023-06-26 12:39:01', '2023-06-26 12:39:01'),
	(57, 77, 23, '2023-06-26 12:39:01', '2023-06-26 12:39:01'),
	(58, 138, 9, '2023-06-26 12:39:01', '2023-06-26 12:39:01'),
	(59, 3, 22, '2023-06-26 12:39:01', '2023-06-26 12:39:01'),
	(60, 111, 4, '2023-06-26 12:39:01', '2023-06-26 12:39:01'),
	(61, 177, 13, '2023-06-26 12:39:01', '2023-06-26 12:39:01'),
	(62, 150, 9, '2023-06-26 12:39:01', '2023-06-26 12:39:01'),
	(63, 50, 4, '2023-06-26 12:39:01', '2023-06-26 12:39:01'),
	(64, 200, 2, '2023-06-26 12:39:01', '2023-06-26 12:39:01'),
	(65, 11, 18, '2023-06-26 12:39:01', '2023-06-26 12:39:01'),
	(66, 68, 16, '2023-06-26 12:39:01', '2023-06-26 12:39:01'),
	(67, 162, 9, '2023-06-26 12:39:01', '2023-06-26 12:39:01'),
	(68, 194, 13, '2023-06-26 12:39:01', '2023-06-26 12:39:01'),
	(69, 61, 25, '2023-06-26 12:39:01', '2023-06-26 12:39:01'),
	(70, 48, 19, '2023-06-26 12:39:01', '2023-06-26 12:39:01'),
	(71, 31, 16, '2023-06-26 12:39:01', '2023-06-26 12:39:01'),
	(72, 193, 21, '2023-06-26 12:39:01', '2023-06-26 12:39:01'),
	(73, 146, 23, '2023-06-26 12:39:02', '2023-06-26 12:39:02'),
	(74, 65, 14, '2023-06-26 12:39:02', '2023-06-26 12:39:02'),
	(75, 67, 15, '2023-06-26 12:39:02', '2023-06-26 12:39:02'),
	(76, 29, 25, '2023-06-26 12:39:02', '2023-06-26 12:39:02'),
	(77, 33, 15, '2023-06-26 12:39:02', '2023-06-26 12:39:02'),
	(78, 109, 15, '2023-06-26 12:39:02', '2023-06-26 12:39:02'),
	(79, 36, 20, '2023-06-26 12:39:02', '2023-06-26 12:39:02'),
	(80, 199, 14, '2023-06-26 12:39:02', '2023-06-26 12:39:02'),
	(81, 152, 16, '2023-06-26 12:39:02', '2023-06-26 12:39:02'),
	(82, 64, 2, '2023-06-26 12:39:02', '2023-06-26 12:39:02'),
	(83, 139, 25, '2023-06-26 12:39:02', '2023-06-26 12:39:02'),
	(84, 81, 21, '2023-06-26 12:39:02', '2023-06-26 12:39:02'),
	(85, 117, 21, '2023-06-26 12:39:02', '2023-06-26 12:39:02'),
	(86, 42, 11, '2023-06-26 12:39:02', '2023-06-26 12:39:02'),
	(87, 5, 8, '2023-06-26 12:39:02', '2023-06-26 12:39:02'),
	(88, 78, 13, '2023-06-26 12:39:02', '2023-06-26 12:39:02'),
	(89, 131, 22, '2023-06-26 12:39:02', '2023-06-26 12:39:02'),
	(90, 121, 24, '2023-06-26 12:39:02', '2023-06-26 12:39:02'),
	(91, 83, 14, '2023-06-26 12:39:02', '2023-06-26 12:39:02'),
	(92, 126, 8, '2023-06-26 12:39:02', '2023-06-26 12:39:02'),
	(93, 158, 20, '2023-06-26 12:39:02', '2023-06-26 12:39:02'),
	(94, 88, 16, '2023-06-26 12:39:02', '2023-06-26 12:39:02'),
	(95, 186, 1, '2023-06-26 12:39:03', '2023-06-26 12:39:03'),
	(96, 107, 3, '2023-06-26 12:39:03', '2023-06-26 12:39:03'),
	(97, 59, 14, '2023-06-26 12:39:03', '2023-06-26 12:39:03'),
	(98, 95, 2, '2023-06-26 12:39:03', '2023-06-26 12:39:03'),
	(99, 131, 4, '2023-06-26 12:39:03', '2023-06-26 12:39:03'),
	(100, 98, 18, '2023-06-26 12:39:03', '2023-06-26 12:39:03');

-- Volcando estructura para tabla db_test_oxford.schools
CREATE TABLE IF NOT EXISTS `schools` (
  `id` bigint(20) unsigned NOT NULL AUTO_INCREMENT,
  `name` varchar(255) COLLATE utf8mb4_unicode_ci NOT NULL,
  `country_id` bigint(20) unsigned NOT NULL,
  `created_at` timestamp NULL DEFAULT NULL,
  `updated_at` timestamp NULL DEFAULT NULL,
  PRIMARY KEY (`id`),
  KEY `schools_country_id_foreign` (`country_id`),
  CONSTRAINT `schools_country_id_foreign` FOREIGN KEY (`country_id`) REFERENCES `countries` (`id`) ON DELETE CASCADE
) ENGINE=InnoDB AUTO_INCREMENT=26 DEFAULT CHARSET=utf8mb4 COLLATE=utf8mb4_unicode_ci;

-- Volcando datos para la tabla db_test_oxford.schools: ~25 rows (aproximadamente)
INSERT INTO `schools` (`id`, `name`, `country_id`, `created_at`, `updated_at`) VALUES
	(1, 'Voluptas nesciunt qui sit.', 1, '2023-06-26 12:38:17', '2023-06-26 12:38:17'),
	(2, 'Et temporibus aut debitis minus.', 1, '2023-06-26 12:38:17', '2023-06-26 12:38:17'),
	(3, 'Eum facilis minus beatae.', 4, '2023-06-26 12:38:17', '2023-06-26 12:38:17'),
	(4, 'Perferendis expedita aut ex.', 2, '2023-06-26 12:38:17', '2023-06-26 12:38:17'),
	(5, 'Dolores autem sit illum doloribus.', 3, '2023-06-26 12:38:17', '2023-06-26 12:38:17'),
	(6, 'Fuga fuga odio sapiente consequatur quia.', 3, '2023-06-26 12:38:17', '2023-06-26 12:38:17'),
	(7, 'Amet dignissimos quisquam.', 1, '2023-06-26 12:38:17', '2023-06-26 12:38:17'),
	(8, 'Dignissimos blanditiis qui voluptatem.', 3, '2023-06-26 12:38:17', '2023-06-26 12:38:17'),
	(9, 'Ea nihil iusto reiciendis officiis.', 1, '2023-06-26 12:38:18', '2023-06-26 12:38:18'),
	(10, 'Dicta maiores nemo id.', 4, '2023-06-26 12:38:18', '2023-06-26 12:38:18'),
	(11, 'Sit nihil quasi qui eaque impedit.', 4, '2023-06-26 12:38:18', '2023-06-26 12:38:18'),
	(12, 'Quos cupiditate ea sequi laudantium.', 5, '2023-06-26 12:38:18', '2023-06-26 12:38:18'),
	(13, 'Consequatur nihil quia debitis aliquam.', 5, '2023-06-26 12:38:18', '2023-06-26 12:38:18'),
	(14, 'Magnam voluptas labore laboriosam repellendus.', 3, '2023-06-26 12:38:18', '2023-06-26 12:38:18'),
	(15, 'Accusantium blanditiis repellat et.', 4, '2023-06-26 12:38:18', '2023-06-26 12:38:18'),
	(16, 'Vero et occaecati et atque.', 5, '2023-06-26 12:38:18', '2023-06-26 12:38:18'),
	(17, 'Repudiandae eaque a veritatis sed possimus.', 4, '2023-06-26 12:38:18', '2023-06-26 12:38:18'),
	(18, 'Nam quibusdam et aperiam.', 2, '2023-06-26 12:38:18', '2023-06-26 12:38:18'),
	(19, 'Maxime facilis dolorem unde.', 5, '2023-06-26 12:38:18', '2023-06-26 12:38:18'),
	(20, 'Est doloremque sequi nemo in amet.', 1, '2023-06-26 12:38:18', '2023-06-26 12:38:18'),
	(21, 'Sunt ea qui sunt sint.', 1, '2023-06-26 12:38:19', '2023-06-26 12:38:19'),
	(22, 'Expedita eum perferendis ad tenetur.', 1, '2023-06-26 12:38:19', '2023-06-26 12:38:19'),
	(23, 'Sit laudantium id laborum.', 4, '2023-06-26 12:38:19', '2023-06-26 12:38:19'),
	(24, 'Fuga placeat iure.', 3, '2023-06-26 12:38:19', '2023-06-26 12:38:19'),
	(25, 'Omnis omnis aut qui autem.', 2, '2023-06-26 12:38:19', '2023-06-26 12:38:19');

-- Volcando estructura para tabla db_test_oxford.school_levels
CREATE TABLE IF NOT EXISTS `school_levels` (
  `id` bigint(20) unsigned NOT NULL AUTO_INCREMENT,
  `name` varchar(255) COLLATE utf8mb4_unicode_ci NOT NULL,
  `school_id` bigint(20) unsigned NOT NULL,
  `created_at` timestamp NULL DEFAULT NULL,
  `updated_at` timestamp NULL DEFAULT NULL,
  PRIMARY KEY (`id`),
  KEY `school_levels_school_id_foreign` (`school_id`),
  CONSTRAINT `school_levels_school_id_foreign` FOREIGN KEY (`school_id`) REFERENCES `schools` (`id`) ON DELETE CASCADE
) ENGINE=InnoDB AUTO_INCREMENT=61 DEFAULT CHARSET=utf8mb4 COLLATE=utf8mb4_unicode_ci;

-- Volcando datos para la tabla db_test_oxford.school_levels: ~60 rows (aproximadamente)
INSERT INTO `school_levels` (`id`, `name`, `school_id`, `created_at`, `updated_at`) VALUES
	(1, 'non', 25, '2023-06-26 12:38:37', '2023-06-26 12:38:37'),
	(2, 'illum', 10, '2023-06-26 12:38:37', '2023-06-26 12:38:37'),
	(3, 'iusto', 9, '2023-06-26 12:38:37', '2023-06-26 12:38:37'),
	(4, 'possimus', 4, '2023-06-26 12:38:37', '2023-06-26 12:38:37'),
	(5, 'ipsam', 8, '2023-06-26 12:38:37', '2023-06-26 12:38:37'),
	(6, 'rerum', 1, '2023-06-26 12:38:37', '2023-06-26 12:38:37'),
	(7, 'assumenda', 4, '2023-06-26 12:38:37', '2023-06-26 12:38:37'),
	(8, 'quis', 24, '2023-06-26 12:38:37', '2023-06-26 12:38:37'),
	(9, 'similique', 8, '2023-06-26 12:38:37', '2023-06-26 12:38:37'),
	(10, 'quis', 25, '2023-06-26 12:38:37', '2023-06-26 12:38:37'),
	(11, 'vitae', 15, '2023-06-26 12:38:37', '2023-06-26 12:38:37'),
	(12, 'et', 21, '2023-06-26 12:38:37', '2023-06-26 12:38:37'),
	(13, 'porro', 6, '2023-06-26 12:38:37', '2023-06-26 12:38:37'),
	(14, 'nisi', 20, '2023-06-26 12:38:37', '2023-06-26 12:38:37'),
	(15, 'qui', 16, '2023-06-26 12:38:38', '2023-06-26 12:38:38'),
	(16, 'voluptatibus', 12, '2023-06-26 12:38:38', '2023-06-26 12:38:38'),
	(17, 'doloribus', 25, '2023-06-26 12:38:38', '2023-06-26 12:38:38'),
	(18, 'illum', 23, '2023-06-26 12:38:38', '2023-06-26 12:38:38'),
	(19, 'neque', 8, '2023-06-26 12:38:38', '2023-06-26 12:38:38'),
	(20, 'modi', 13, '2023-06-26 12:38:38', '2023-06-26 12:38:38'),
	(21, 'animi', 23, '2023-06-26 12:38:38', '2023-06-26 12:38:38'),
	(22, 'totam', 16, '2023-06-26 12:38:38', '2023-06-26 12:38:38'),
	(23, 'qui', 25, '2023-06-26 12:38:38', '2023-06-26 12:38:38'),
	(24, 'non', 6, '2023-06-26 12:38:38', '2023-06-26 12:38:38'),
	(25, 'dignissimos', 19, '2023-06-26 12:38:38', '2023-06-26 12:38:38'),
	(26, 'quod', 6, '2023-06-26 12:38:38', '2023-06-26 12:38:38'),
	(27, 'et', 17, '2023-06-26 12:38:38', '2023-06-26 12:38:38'),
	(28, 'et', 9, '2023-06-26 12:38:38', '2023-06-26 12:38:38'),
	(29, 'nam', 23, '2023-06-26 12:38:38', '2023-06-26 12:38:38'),
	(30, 'qui', 23, '2023-06-26 12:38:39', '2023-06-26 12:38:39'),
	(31, 'exercitationem', 21, '2023-06-26 12:38:39', '2023-06-26 12:38:39'),
	(32, 'ipsum', 19, '2023-06-26 12:38:39', '2023-06-26 12:38:39'),
	(33, 'excepturi', 7, '2023-06-26 12:38:39', '2023-06-26 12:38:39'),
	(34, 'voluptatum', 14, '2023-06-26 12:38:39', '2023-06-26 12:38:39'),
	(35, 'voluptatum', 11, '2023-06-26 12:38:39', '2023-06-26 12:38:39'),
	(36, 'ratione', 22, '2023-06-26 12:38:39', '2023-06-26 12:38:39'),
	(37, 'sed', 20, '2023-06-26 12:38:39', '2023-06-26 12:38:39'),
	(38, 'pariatur', 12, '2023-06-26 12:38:39', '2023-06-26 12:38:39'),
	(39, 'sit', 10, '2023-06-26 12:38:39', '2023-06-26 12:38:39'),
	(40, 'enim', 24, '2023-06-26 12:38:39', '2023-06-26 12:38:39'),
	(41, 'quae', 17, '2023-06-26 12:38:39', '2023-06-26 12:38:39'),
	(42, 'repellendus', 12, '2023-06-26 12:38:39', '2023-06-26 12:38:39'),
	(43, 'tempore', 10, '2023-06-26 12:38:39', '2023-06-26 12:38:39'),
	(44, 'quas', 13, '2023-06-26 12:38:39', '2023-06-26 12:38:39'),
	(45, 'deleniti', 13, '2023-06-26 12:38:39', '2023-06-26 12:38:39'),
	(46, 'id', 21, '2023-06-26 12:38:39', '2023-06-26 12:38:39'),
	(47, 'cum', 16, '2023-06-26 12:38:39', '2023-06-26 12:38:39'),
	(48, 'facere', 7, '2023-06-26 12:38:39', '2023-06-26 12:38:39'),
	(49, 'quod', 17, '2023-06-26 12:38:39', '2023-06-26 12:38:39'),
	(50, 'eum', 6, '2023-06-26 12:38:39', '2023-06-26 12:38:39'),
	(51, 'atque', 13, '2023-06-26 12:38:39', '2023-06-26 12:38:39'),
	(52, 'quo', 11, '2023-06-26 12:38:39', '2023-06-26 12:38:39'),
	(53, 'qui', 3, '2023-06-26 12:38:39', '2023-06-26 12:38:39'),
	(54, 'consequatur', 12, '2023-06-26 12:38:39', '2023-06-26 12:38:39'),
	(55, 'quia', 25, '2023-06-26 12:38:40', '2023-06-26 12:38:40'),
	(56, 'dolorum', 10, '2023-06-26 12:38:40', '2023-06-26 12:38:40'),
	(57, 'et', 25, '2023-06-26 12:38:40', '2023-06-26 12:38:40'),
	(58, 'aut', 1, '2023-06-26 12:38:40', '2023-06-26 12:38:40'),
	(59, 'impedit', 19, '2023-06-26 12:38:40', '2023-06-26 12:38:40'),
	(60, 'repellat', 25, '2023-06-26 12:38:40', '2023-06-26 12:38:40');

-- Volcando estructura para tabla db_test_oxford.series
CREATE TABLE IF NOT EXISTS `series` (
  `id` bigint(20) unsigned NOT NULL AUTO_INCREMENT,
  `name` varchar(255) COLLATE utf8mb4_unicode_ci NOT NULL,
  `description` text COLLATE utf8mb4_unicode_ci DEFAULT NULL,
  `category_id` bigint(20) unsigned NOT NULL,
  `created_at` timestamp NULL DEFAULT NULL,
  `updated_at` timestamp NULL DEFAULT NULL,
  PRIMARY KEY (`id`),
  KEY `series_category_id_foreign` (`category_id`),
  CONSTRAINT `series_category_id_foreign` FOREIGN KEY (`category_id`) REFERENCES `categories` (`id`) ON DELETE CASCADE
) ENGINE=InnoDB AUTO_INCREMENT=41 DEFAULT CHARSET=utf8mb4 COLLATE=utf8mb4_unicode_ci;

-- Volcando datos para la tabla db_test_oxford.series: ~40 rows (aproximadamente)
INSERT INTO `series` (`id`, `name`, `description`, `category_id`, `created_at`, `updated_at`) VALUES
	(1, 'Ipsum ut harum sunt quo nihil dolor.', NULL, 3, '2023-06-26 12:33:51', '2023-06-26 12:33:51'),
	(2, 'Et voluptates aperiam hic tenetur.', NULL, 3, '2023-06-26 12:33:51', '2023-06-26 12:33:51'),
	(3, 'Molestiae at perferendis dolor delectus qui.', NULL, 4, '2023-06-26 12:33:51', '2023-06-26 12:33:51'),
	(4, 'Molestiae non quia iste distinctio aspernatur nostrum qui.', NULL, 2, '2023-06-26 12:33:51', '2023-06-26 12:33:51'),
	(5, 'Itaque quia possimus qui ut quis similique.', NULL, 8, '2023-06-26 12:33:51', '2023-06-26 12:33:51'),
	(6, 'Doloremque et porro rerum autem.', NULL, 5, '2023-06-26 12:33:51', '2023-06-26 12:33:51'),
	(7, 'Laboriosam nesciunt eum minus rem sed ut.', NULL, 5, '2023-06-26 12:33:51', '2023-06-26 12:33:51'),
	(8, 'Eveniet qui voluptatem quis velit rerum facilis est consequatur.', NULL, 20, '2023-06-26 12:33:52', '2023-06-26 12:33:52'),
	(9, 'Vel magnam voluptatem voluptate et officiis est ut.', NULL, 13, '2023-06-26 12:33:52', '2023-06-26 12:33:52'),
	(10, 'Commodi maxime sint sapiente quas possimus in in.', NULL, 13, '2023-06-26 12:33:52', '2023-06-26 12:33:52'),
	(11, 'Minus fugit et nesciunt numquam.', NULL, 19, '2023-06-26 12:33:52', '2023-06-26 12:33:52'),
	(12, 'Fugiat dolores aspernatur facilis debitis labore qui.', NULL, 5, '2023-06-26 12:33:52', '2023-06-26 12:33:52'),
	(13, 'Nisi ad necessitatibus nihil quia officia est laborum.', NULL, 8, '2023-06-26 12:33:52', '2023-06-26 12:33:52'),
	(14, 'Consectetur cumque et id dolorem fugit sit quae.', NULL, 5, '2023-06-26 12:33:52', '2023-06-26 12:33:52'),
	(15, 'Odio fugit aut ut corporis.', NULL, 8, '2023-06-26 12:33:52', '2023-06-26 12:33:52'),
	(16, 'Deleniti assumenda sed dicta.', NULL, 19, '2023-06-26 12:33:52', '2023-06-26 12:33:52'),
	(17, 'Vero et dignissimos qui in vel.', NULL, 9, '2023-06-26 12:33:52', '2023-06-26 12:33:52'),
	(18, 'Minima sunt distinctio perferendis corporis voluptatem.', NULL, 13, '2023-06-26 12:33:52', '2023-06-26 12:33:52'),
	(19, 'Provident veritatis dolorum hic consequatur voluptatem eveniet aperiam exercitationem.', NULL, 2, '2023-06-26 12:33:52', '2023-06-26 12:33:52'),
	(20, 'Omnis qui laudantium aut magni nobis.', NULL, 12, '2023-06-26 12:33:52', '2023-06-26 12:33:52'),
	(21, 'Voluptas neque asperiores voluptatem nobis dignissimos sit temporibus.', NULL, 6, '2023-06-26 12:33:52', '2023-06-26 12:33:52'),
	(22, 'Quia quae dolor occaecati laudantium.', NULL, 4, '2023-06-26 12:33:52', '2023-06-26 12:33:52'),
	(23, 'Provident labore sed nostrum.', NULL, 9, '2023-06-26 12:33:52', '2023-06-26 12:33:52'),
	(24, 'Quo in minima est.', NULL, 15, '2023-06-26 12:33:52', '2023-06-26 12:33:52'),
	(25, 'Molestiae assumenda nam voluptatem fugit et.', NULL, 1, '2023-06-26 12:33:52', '2023-06-26 12:33:52'),
	(26, 'Magnam est consequatur vel facilis ut blanditiis et.', NULL, 10, '2023-06-26 12:33:52', '2023-06-26 12:33:52'),
	(27, 'Consequatur officia dolores aut voluptas autem consequatur.', NULL, 15, '2023-06-26 12:33:52', '2023-06-26 12:33:52'),
	(28, 'Fugit alias et repellendus eum in dolorem.', NULL, 12, '2023-06-26 12:33:53', '2023-06-26 12:33:53'),
	(29, 'Aut et est officiis magnam.', NULL, 11, '2023-06-26 12:33:53', '2023-06-26 12:33:53'),
	(30, 'Totam exercitationem corrupti quas molestiae.', NULL, 11, '2023-06-26 12:33:53', '2023-06-26 12:33:53'),
	(31, 'Tempora sit officiis quis ipsa vel quas quas.', NULL, 16, '2023-06-26 12:33:53', '2023-06-26 12:33:53'),
	(32, 'Eaque ipsum animi qui repellendus facilis earum.', NULL, 18, '2023-06-26 12:33:53', '2023-06-26 12:33:53'),
	(33, 'Itaque recusandae a natus similique corrupti saepe.', NULL, 16, '2023-06-26 12:33:53', '2023-06-26 12:33:53'),
	(34, 'Nulla similique sint nihil fugiat.', NULL, 13, '2023-06-26 12:33:53', '2023-06-26 12:33:53'),
	(35, 'Totam ipsam nesciunt labore architecto.', NULL, 2, '2023-06-26 12:33:53', '2023-06-26 12:33:53'),
	(36, 'Vel delectus ut vero aut.', NULL, 13, '2023-06-26 12:33:53', '2023-06-26 12:33:53'),
	(37, 'Commodi laudantium repudiandae itaque repudiandae aut molestiae voluptatem sequi.', NULL, 8, '2023-06-26 12:33:53', '2023-06-26 12:33:53'),
	(38, 'Molestias illo distinctio repellat voluptatem.', NULL, 17, '2023-06-26 12:33:53', '2023-06-26 12:33:53'),
	(39, 'Assumenda voluptate necessitatibus fugiat beatae.', NULL, 14, '2023-06-26 12:33:53', '2023-06-26 12:33:53'),
	(40, 'Nostrum autem omnis dolorem voluptates ratione debitis.', NULL, 20, '2023-06-26 12:33:53', '2023-06-26 12:33:53');

-- Volcando estructura para tabla db_test_oxford.users
CREATE TABLE IF NOT EXISTS `users` (
  `id` bigint(20) unsigned NOT NULL AUTO_INCREMENT,
  `first_name` varchar(255) COLLATE utf8mb4_unicode_ci DEFAULT NULL,
  `family_name` varchar(255) COLLATE utf8mb4_unicode_ci DEFAULT NULL,
  `picture` text COLLATE utf8mb4_unicode_ci DEFAULT NULL,
  `locale` varchar(255) COLLATE utf8mb4_unicode_ci DEFAULT NULL,
  `email` varchar(255) COLLATE utf8mb4_unicode_ci NOT NULL,
  `password` varchar(255) COLLATE utf8mb4_unicode_ci DEFAULT NULL,
  `google_id` varchar(255) COLLATE utf8mb4_unicode_ci DEFAULT NULL,
  `remember_token` varchar(100) COLLATE utf8mb4_unicode_ci DEFAULT NULL,
  `created_at` timestamp NULL DEFAULT NULL,
  `updated_at` timestamp NULL DEFAULT NULL,
  PRIMARY KEY (`id`),
  UNIQUE KEY `users_email_unique` (`email`)
) ENGINE=InnoDB AUTO_INCREMENT=2 DEFAULT CHARSET=utf8mb4 COLLATE=utf8mb4_unicode_ci;

-- Volcando datos para la tabla db_test_oxford.users: ~1 rows (aproximadamente)
INSERT INTO `users` (`id`, `first_name`, `family_name`, `picture`, `locale`, `email`, `password`, `google_id`, `remember_token`, `created_at`, `updated_at`) VALUES
	(1, 'Deyvis', 'Mamani Lacuta', 'https://lh3.googleusercontent.com/a/AAcHTtcfiaZNmoAd-tMSL3prBuytq3X380FkZfOumNFt=s96-c', 'es', 'deyvisml2002@gmail.com', NULL, '113772519618690518586', NULL, '2023-06-26 13:04:21', '2023-06-26 13:04:21');

/*!40103 SET TIME_ZONE=IFNULL(@OLD_TIME_ZONE, 'system') */;
/*!40101 SET SQL_MODE=IFNULL(@OLD_SQL_MODE, '') */;
/*!40014 SET FOREIGN_KEY_CHECKS=IFNULL(@OLD_FOREIGN_KEY_CHECKS, 1) */;
/*!40101 SET CHARACTER_SET_CLIENT=@OLD_CHARACTER_SET_CLIENT */;
/*!40111 SET SQL_NOTES=IFNULL(@OLD_SQL_NOTES, 1) */;
